id_orden,id_cliente,segmento_cliente,fecha_hora_llegada,tipo_servicio,bolsas_delicada,bolsas_color,bolsas_blanca,bolsas_total,tipos_presentes
O2025-010870,C019,hotel,6/1/2025 7:37,normal,0,0,4,4,1
O2025-010871,C153,restaurante,6/1/2025 8:00,rápido,0,1,1,2,2
O2025-010872,C011,hotel,6/1/2025 8:05,normal,0,0,3,3,1
O2025-010873,C085,gimnasio,6/1/2025 8:08,normal,0,0,3,3,1
O2025-010874,C079,gimnasio,6/1/2025 8:10,normal,0,4,0,4,1
O2025-010875,C128,restaurante,6/1/2025 8:16,normal,0,0,1,1,1
O2025-010876,C009,hotel,6/1/2025 8:22,normal,0,0,7,7,1
O2025-010877,C141,restaurante,6/1/2025 8:22,normal,0,1,2,3,2
O2025-010878,C023,hotel,6/1/2025 8:36,normal,0,0,6,6,1
O2025-010879,C013,hotel,6/1/2025 8:36,normal,0,1,9,10,2
O2025-010880,C010,hotel,6/1/2025 8:39,normal,0,0,13,13,1
O2025-010881,C010,hotel,6/1/2025 8:40,normal,0,0,6,6,1
O2025-010882,C096,gimnasio,6/1/2025 8:43,normal,0,4,0,4,1
O2025-010883,C018,hotel,6/1/2025 8:53,normal,0,0,2,2,1
O2025-010884,C152,restaurante,6/1/2025 9:10,rápido,0,1,0,1,1
O2025-010885,C139,restaurante,6/1/2025 9:40,normal,0,0,1,1,1
O2025-010886,C125,restaurante,6/1/2025 9:45,rápido,0,1,1,2,2
O2025-010887,C011,hotel,6/1/2025 10:00,normal,0,0,6,6,1
O2025-010888,C016,hotel,6/1/2025 10:02,rápido,0,2,5,7,2
O2025-010889,C152,restaurante,6/1/2025 10:38,rápido,0,1,0,1,1
O2025-010890,C123,restaurante,6/1/2025 11:38,normal,1,1,1,3,3
O2025-010891,C032,clínica,6/1/2025 11:46,normal,0,0,10,10,1
O2025-010892,C006,hotel,6/1/2025 12:29,normal,0,1,3,4,2
O2025-010893,C009,hotel,6/1/2025 12:58,normal,0,0,8,8,1
O2025-010894,C095,gimnasio,6/1/2025 13:24,normal,0,2,2,4,2
O2025-010895,C014,hotel,6/1/2025 13:44,normal,0,0,4,4,1
O2025-010896,C021,hotel,6/1/2025 13:48,normal,0,0,5,5,1
O2025-010897,C022,hotel,6/1/2025 13:52,normal,1,0,5,6,2
O2025-010898,C030,hotel,6/1/2025 13:58,normal,0,0,3,3,1
O2025-010899,C109,restaurante,6/1/2025 13:59,normal,0,1,0,1,1
O2025-010900,C001,hotel,6/1/2025 13:59,normal,0,0,13,13,1
O2025-010901,C115,restaurante,6/1/2025 14:08,normal,0,1,1,2,2
O2025-010902,C144,restaurante,6/1/2025 14:23,rápido,0,1,1,2,2
O2025-010903,C027,hotel,6/1/2025 14:51,normal,0,0,5,5,1
O2025-010904,C141,restaurante,6/1/2025 14:59,normal,0,0,2,2,1
O2025-010905,C134,restaurante,6/1/2025 15:01,rápido,0,1,1,2,2
O2025-010906,C026,hotel,6/1/2025 16:04,normal,0,0,4,4,1
O2025-010907,C130,restaurante,6/1/2025 16:52,normal,0,5,0,5,1
O2025-010908,C138,restaurante,6/1/2025 17:01,normal,0,4,0,4,1
O2025-010909,C014,hotel,6/1/2025 17:54,normal,0,0,3,3,1
O2025-010910,C089,gimnasio,6/1/2025 18:13,normal,0,2,0,2,1
O2025-010911,C113,restaurante,6/1/2025 20:09,rápido,0,1,1,2,2
O2025-010912,C160,restaurante,6/1/2025 20:33,normal,0,0,3,3,1
O2025-010913,C007,hotel,6/1/2025 20:35,normal,0,2,7,9,2
O2025-010914,C089,gimnasio,6/1/2025 20:44,normal,0,2,1,3,2
O2025-010915,C141,restaurante,6/1/2025 20:45,normal,0,1,1,2,2
O2025-010916,C149,restaurante,6/1/2025 20:52,normal,0,1,1,2,2
O2025-010917,C081,gimnasio,6/1/2025 21:09,normal,0,0,5,5,1
O2025-010918,C150,restaurante,6/1/2025 21:53,rápido,0,3,0,3,1
O2025-010919,C110,restaurante,6/1/2025 22:05,normal,0,0,2,2,1
O2025-010920,C025,hotel,6/2/2025 6:52,rápido,0,0,5,5,1
O2025-010921,C103,gimnasio,6/2/2025 7:09,normal,0,0,2,2,1
O2025-010922,C077,gimnasio,6/2/2025 7:31,normal,0,2,0,2,1
O2025-010923,C001,hotel,6/2/2025 7:39,normal,0,1,4,5,2
O2025-010924,C049,clínica,6/2/2025 8:00,normal,0,0,6,6,1
O2025-010925,C067,gimnasio,6/2/2025 8:09,normal,0,3,0,3,1
O2025-010926,C014,hotel,6/2/2025 8:10,normal,0,1,2,3,2
O2025-010927,C105,gimnasio,6/2/2025 8:12,normal,0,8,0,8,1
O2025-010928,C049,clínica,6/2/2025 8:13,normal,0,2,3,5,2
O2025-010929,C014,hotel,6/2/2025 8:17,normal,0,0,6,6,1
O2025-010930,C060,clínica,6/2/2025 8:24,normal,0,1,3,4,2
O2025-010931,C077,gimnasio,6/2/2025 8:30,normal,0,5,0,5,1
O2025-010932,C019,hotel,6/2/2025 8:33,normal,0,0,6,6,1
O2025-010933,C009,hotel,6/2/2025 8:45,normal,0,0,13,13,1
O2025-010934,C047,clínica,6/2/2025 8:50,normal,0,2,3,5,2
O2025-010935,C025,hotel,6/2/2025 8:55,normal,0,0,9,9,1
O2025-010936,C042,clínica,6/2/2025 8:55,rápido,0,0,3,3,1
O2025-010937,C130,restaurante,6/2/2025 8:59,normal,0,0,3,3,1
O2025-010938,C021,hotel,6/2/2025 9:03,normal,0,0,8,8,1
O2025-010939,C013,hotel,6/2/2025 9:04,normal,0,0,6,6,1
O2025-010940,C110,restaurante,6/2/2025 9:11,rápido,0,1,0,1,1
O2025-010941,C057,clínica,6/2/2025 9:15,normal,1,1,2,4,3
O2025-010942,C012,hotel,6/2/2025 9:36,normal,0,0,6,6,1
O2025-010943,C039,clínica,6/2/2025 9:44,normal,0,1,1,2,2
O2025-010944,C057,clínica,6/2/2025 9:53,normal,0,1,1,2,2
O2025-010945,C064,clínica,6/2/2025 10:06,normal,1,0,2,3,2
O2025-010946,C018,hotel,6/2/2025 10:11,normal,0,0,3,3,1
O2025-010947,C060,clínica,6/2/2025 10:59,normal,0,0,7,7,1
O2025-010948,C058,clínica,6/2/2025 11:37,normal,0,0,4,4,1
O2025-010949,C038,clínica,6/2/2025 11:38,normal,0,0,2,2,1
O2025-010950,C105,gimnasio,6/2/2025 12:03,normal,0,6,0,6,1
O2025-010951,C068,gimnasio,6/2/2025 12:24,normal,1,0,4,5,2
O2025-010952,C030,hotel,6/2/2025 12:33,rápido,0,0,10,10,1
O2025-010953,C078,gimnasio,6/2/2025 13:02,normal,0,2,1,3,2
O2025-010954,C102,gimnasio,6/2/2025 13:05,normal,0,3,0,3,1
O2025-010955,C021,hotel,6/2/2025 13:44,normal,0,0,4,4,1
O2025-010956,C002,hotel,6/2/2025 13:50,rápido,0,0,2,2,1
O2025-010957,C015,hotel,6/2/2025 13:51,normal,0,0,2,2,1
O2025-010958,C049,clínica,6/2/2025 13:53,normal,1,0,6,7,2
O2025-010959,C019,hotel,6/2/2025 14:05,normal,0,0,3,3,1
O2025-010960,C041,clínica,6/2/2025 14:20,normal,0,2,3,5,2
O2025-010961,C009,hotel,6/2/2025 14:29,normal,0,8,0,8,1
O2025-010962,C008,hotel,6/2/2025 14:38,normal,0,2,6,8,2
O2025-010963,C037,clínica,6/2/2025 14:50,rápido,0,0,3,3,1
O2025-010964,C019,hotel,6/2/2025 14:55,normal,0,0,5,5,1
O2025-010965,C005,hotel,6/2/2025 15:13,normal,0,0,6,6,1
O2025-010966,C042,clínica,6/2/2025 15:42,rápido,1,0,2,3,2
O2025-010967,C011,hotel,6/2/2025 15:50,rápido,0,1,1,2,2
O2025-010968,C035,clínica,6/2/2025 15:50,normal,0,1,3,4,2
O2025-010969,C027,hotel,6/2/2025 15:50,normal,0,0,2,2,1
O2025-010970,C152,restaurante,6/2/2025 15:55,rápido,0,1,1,2,2
O2025-010971,C032,clínica,6/2/2025 16:18,normal,1,0,26,27,2
O2025-010972,C040,clínica,6/2/2025 16:27,normal,0,0,2,2,1
O2025-010973,C043,clínica,6/2/2025 16:53,normal,1,3,3,7,3
O2025-010974,C047,clínica,6/2/2025 17:11,normal,0,0,4,4,1
O2025-010975,C002,hotel,6/2/2025 17:16,normal,0,0,4,4,1
O2025-010976,C004,hotel,6/2/2025 17:33,normal,0,0,6,6,1
O2025-010977,C014,hotel,6/2/2025 17:34,normal,0,0,5,5,1
O2025-010978,C100,gimnasio,6/2/2025 17:45,rápido,3,0,0,3,1
O2025-010979,C007,hotel,6/2/2025 18:14,normal,0,0,6,6,1
O2025-010980,C068,gimnasio,6/2/2025 18:15,normal,0,0,3,3,1
O2025-010981,C030,hotel,6/2/2025 18:44,normal,0,0,5,5,1
O2025-010982,C068,gimnasio,6/2/2025 18:47,normal,2,0,0,2,1
O2025-010983,C004,hotel,6/2/2025 18:56,normal,0,2,6,8,2
O2025-010984,C087,gimnasio,6/2/2025 19:23,normal,0,0,6,6,1
O2025-010985,C137,restaurante,6/2/2025 19:49,normal,0,0,3,3,1
O2025-010986,C074,gimnasio,6/2/2025 19:57,normal,0,1,0,1,1
O2025-010987,C110,restaurante,6/2/2025 21:40,normal,0,2,2,4,2
O2025-010988,C021,hotel,6/3/2025 7:03,normal,0,0,10,10,1
O2025-010989,C074,gimnasio,6/3/2025 7:18,normal,1,6,0,7,2
O2025-010990,C009,hotel,6/3/2025 8:13,normal,0,1,6,7,2
O2025-010991,C106,restaurante,6/3/2025 8:21,normal,0,1,2,3,2
O2025-010992,C009,hotel,6/3/2025 8:26,normal,0,2,11,13,2
O2025-010993,C121,restaurante,6/3/2025 8:28,normal,0,7,0,7,1
O2025-010994,C021,hotel,6/3/2025 8:41,normal,0,3,5,8,2
O2025-010995,C011,hotel,6/3/2025 8:48,normal,0,1,4,5,2
O2025-010996,C030,hotel,6/3/2025 8:53,normal,1,0,2,3,2
O2025-010997,C050,clínica,6/3/2025 8:54,normal,0,0,3,3,1
O2025-010998,C142,restaurante,6/3/2025 8:57,normal,0,0,2,2,1
O2025-010999,C027,hotel,6/3/2025 9:00,normal,1,0,2,3,2
O2025-011000,C087,gimnasio,6/3/2025 9:00,normal,1,3,1,5,3
O2025-011001,C086,gimnasio,6/3/2025 9:01,normal,0,0,4,4,1
O2025-011002,C033,clínica,6/3/2025 9:04,normal,0,0,4,4,1
O2025-011003,C137,restaurante,6/3/2025 9:09,normal,0,0,3,3,1
O2025-011004,C047,clínica,6/3/2025 9:11,normal,1,2,8,11,3
O2025-011005,C057,clínica,6/3/2025 9:11,normal,1,2,4,7,3
O2025-011006,C064,clínica,6/3/2025 9:14,normal,0,0,10,10,1
O2025-011007,C155,restaurante,6/3/2025 9:22,rápido,0,1,1,2,2
O2025-011008,C040,clínica,6/3/2025 9:26,normal,1,0,4,5,2
O2025-011009,C021,hotel,6/3/2025 9:32,normal,0,1,10,11,2
O2025-011010,C016,hotel,6/3/2025 9:44,normal,0,0,6,6,1
O2025-011011,C036,clínica,6/3/2025 9:46,normal,0,1,3,4,2
O2025-011012,C052,clínica,6/3/2025 10:03,normal,0,0,4,4,1
O2025-011013,C130,restaurante,6/3/2025 10:07,rápido,0,3,0,3,1
O2025-011014,C050,clínica,6/3/2025 10:37,normal,0,0,5,5,1
O2025-011015,C035,clínica,6/3/2025 10:37,normal,0,2,5,7,2
O2025-011016,C062,clínica,6/3/2025 10:41,normal,1,0,6,7,2
O2025-011017,C063,clínica,6/3/2025 10:50,normal,0,0,6,6,1
O2025-011018,C063,clínica,6/3/2025 10:53,normal,0,0,5,5,1
O2025-011019,C049,clínica,6/3/2025 10:55,normal,0,1,1,2,2
O2025-011020,C008,hotel,6/3/2025 13:04,normal,0,1,1,2,2
O2025-011021,C081,gimnasio,6/3/2025 13:21,normal,0,2,1,3,2
O2025-011022,C028,hotel,6/3/2025 13:26,normal,0,0,8,8,1
O2025-011023,C056,clínica,6/3/2025 13:34,rápido,0,0,2,2,1
O2025-011024,C012,hotel,6/3/2025 13:46,normal,0,1,6,7,2
O2025-011025,C135,restaurante,6/3/2025 13:50,normal,0,0,3,3,1
O2025-011026,C050,clínica,6/3/2025 14:07,normal,0,0,4,4,1
O2025-011027,C093,gimnasio,6/3/2025 14:09,normal,0,3,0,3,1
O2025-011028,C114,restaurante,6/3/2025 14:09,normal,0,0,4,4,1
O2025-011029,C018,hotel,6/3/2025 14:21,normal,0,0,6,6,1
O2025-011030,C082,gimnasio,6/3/2025 14:22,rápido,0,1,0,1,1
O2025-011031,C119,restaurante,6/3/2025 14:33,normal,0,0,3,3,1
O2025-011032,C160,restaurante,6/3/2025 14:35,rápido,0,1,1,2,2
O2025-011033,C011,hotel,6/3/2025 14:55,normal,0,1,5,6,2
O2025-011034,C047,clínica,6/3/2025 15:02,normal,0,0,4,4,1
O2025-011035,C158,restaurante,6/3/2025 15:19,normal,0,3,0,3,1
O2025-011036,C056,clínica,6/3/2025 15:20,normal,0,0,5,5,1
O2025-011037,C030,hotel,6/3/2025 15:31,normal,0,0,8,8,1
O2025-011038,C156,restaurante,6/3/2025 15:38,normal,0,2,0,2,1
O2025-011039,C006,hotel,6/3/2025 15:53,normal,1,0,5,6,2
O2025-011040,C026,hotel,6/3/2025 16:29,normal,0,0,5,5,1
O2025-011041,C005,hotel,6/3/2025 17:20,normal,0,2,9,11,2
O2025-011042,C054,clínica,6/3/2025 17:24,normal,0,0,2,2,1
O2025-011043,C077,gimnasio,6/3/2025 17:32,normal,0,4,2,6,2
O2025-011044,C052,clínica,6/3/2025 17:42,normal,0,0,3,3,1
O2025-011045,C014,hotel,6/3/2025 17:57,normal,0,0,8,8,1
O2025-011046,C038,clínica,6/3/2025 18:12,normal,0,0,4,4,1
O2025-011047,C010,hotel,6/3/2025 18:21,normal,0,1,9,10,2
O2025-011048,C089,gimnasio,6/3/2025 18:37,normal,1,3,0,4,2
O2025-011049,C009,hotel,6/3/2025 18:54,normal,0,1,9,10,2
O2025-011050,C012,hotel,6/3/2025 18:55,normal,1,1,3,5,3
O2025-011051,C072,gimnasio,6/3/2025 19:06,normal,0,3,0,3,1
O2025-011052,C066,gimnasio,6/3/2025 19:18,normal,0,11,0,11,1
O2025-011053,C046,clínica,6/3/2025 19:40,rápido,0,0,1,1,1
O2025-011054,C049,clínica,6/3/2025 19:41,normal,0,0,3,3,1
O2025-011055,C107,restaurante,6/3/2025 20:28,normal,0,1,0,1,1
O2025-011056,C103,gimnasio,6/4/2025 7:30,rápido,1,1,0,2,2
O2025-011057,C034,clínica,6/4/2025 7:46,normal,0,0,3,3,1
O2025-011058,C153,restaurante,6/4/2025 8:00,normal,1,1,1,3,3
O2025-011059,C077,gimnasio,6/4/2025 8:00,normal,0,3,0,3,1
O2025-011060,C106,restaurante,6/4/2025 8:02,rápido,0,0,2,2,1
O2025-011061,C110,restaurante,6/4/2025 8:06,normal,0,0,2,2,1
O2025-011062,C061,clínica,6/4/2025 8:15,rápido,0,2,3,5,2
O2025-011063,C014,hotel,6/4/2025 8:21,normal,0,0,5,5,1
O2025-011064,C043,clínica,6/4/2025 8:30,normal,0,3,0,3,1
O2025-011065,C010,hotel,6/4/2025 8:33,normal,0,0,8,8,1
O2025-011066,C062,clínica,6/4/2025 8:34,rápido,0,0,3,3,1
O2025-011067,C003,hotel,6/4/2025 8:34,normal,0,0,7,7,1
O2025-011068,C029,hotel,6/4/2025 8:41,normal,0,0,9,9,1
O2025-011069,C007,hotel,6/4/2025 8:42,normal,0,0,6,6,1
O2025-011070,C056,clínica,6/4/2025 8:51,normal,0,0,7,7,1
O2025-011071,C032,clínica,6/4/2025 9:00,normal,0,0,12,12,1
O2025-011072,C041,clínica,6/4/2025 9:21,normal,0,0,5,5,1
O2025-011073,C014,hotel,6/4/2025 9:40,normal,0,0,3,3,1
O2025-011074,C035,clínica,6/4/2025 9:43,normal,0,1,2,3,2
O2025-011075,C049,clínica,6/4/2025 9:45,normal,0,1,2,3,2
O2025-011076,C059,clínica,6/4/2025 9:49,normal,0,1,2,3,2
O2025-011077,C064,clínica,6/4/2025 9:52,rápido,0,2,4,6,2
O2025-011078,C052,clínica,6/4/2025 10:05,normal,0,2,0,2,1
O2025-011079,C126,restaurante,6/4/2025 10:08,normal,0,0,4,4,1
O2025-011080,C061,clínica,6/4/2025 10:09,normal,0,2,2,4,2
O2025-011081,C039,clínica,6/4/2025 10:13,normal,0,4,0,4,1
O2025-011082,C040,clínica,6/4/2025 10:25,normal,0,0,3,3,1
O2025-011083,C043,clínica,6/4/2025 10:38,normal,0,0,5,5,1
O2025-011084,C050,clínica,6/4/2025 10:39,normal,0,0,7,7,1
O2025-011085,C059,clínica,6/4/2025 10:40,normal,0,0,2,2,1
O2025-011086,C143,restaurante,6/4/2025 11:03,rápido,0,1,0,1,1
O2025-011087,C045,clínica,6/4/2025 11:24,rápido,1,1,0,2,2
O2025-011088,C027,hotel,6/4/2025 11:52,normal,0,1,7,8,2
O2025-011089,C081,gimnasio,6/4/2025 12:04,normal,0,0,5,5,1
O2025-011090,C072,gimnasio,6/4/2025 13:00,normal,0,4,0,4,1
O2025-011091,C007,hotel,6/4/2025 13:07,normal,1,0,11,12,2
O2025-011092,C010,hotel,6/4/2025 13:09,normal,0,0,6,6,1
O2025-011093,C009,hotel,6/4/2025 13:27,normal,0,0,2,2,1
O2025-011094,C141,restaurante,6/4/2025 13:30,normal,0,1,1,2,2
O2025-011095,C150,restaurante,6/4/2025 13:36,normal,0,2,0,2,1
O2025-011096,C100,gimnasio,6/4/2025 13:39,normal,0,0,3,3,1
O2025-011097,C006,hotel,6/4/2025 13:54,normal,0,1,8,9,2
O2025-011098,C103,gimnasio,6/4/2025 13:59,normal,0,2,0,2,1
O2025-011099,C077,gimnasio,6/4/2025 14:02,normal,0,2,0,2,1
O2025-011100,C003,hotel,6/4/2025 14:02,normal,1,0,5,6,2
O2025-011101,C012,hotel,6/4/2025 14:28,normal,0,0,4,4,1
O2025-011102,C012,hotel,6/4/2025 14:38,rápido,0,0,4,4,1
O2025-011103,C036,clínica,6/4/2025 14:44,normal,0,0,8,8,1
O2025-011104,C108,restaurante,6/4/2025 14:47,normal,0,0,9,9,1
O2025-011105,C019,hotel,6/4/2025 14:49,normal,0,0,21,21,1
O2025-011106,C129,restaurante,6/4/2025 14:57,normal,0,0,1,1,1
O2025-011107,C027,hotel,6/4/2025 14:59,normal,0,0,6,6,1
O2025-011108,C152,restaurante,6/4/2025 15:02,normal,0,0,4,4,1
O2025-011109,C062,clínica,6/4/2025 15:24,normal,0,0,5,5,1
O2025-011110,C109,restaurante,6/4/2025 15:46,rápido,0,0,2,2,1
O2025-011111,C120,restaurante,6/4/2025 15:51,normal,0,0,5,5,1
O2025-011112,C047,clínica,6/4/2025 15:57,rápido,0,0,5,5,1
O2025-011113,C036,clínica,6/4/2025 16:13,normal,0,0,7,7,1
O2025-011114,C141,restaurante,6/4/2025 16:29,rápido,0,1,1,2,2
O2025-011115,C061,clínica,6/4/2025 16:31,normal,0,5,0,5,1
O2025-011116,C036,clínica,6/4/2025 16:58,normal,0,0,4,4,1
O2025-011117,C044,clínica,6/4/2025 17:14,normal,0,0,5,5,1
O2025-011118,C036,clínica,6/4/2025 17:22,normal,0,0,4,4,1
O2025-011119,C005,hotel,6/4/2025 17:31,normal,0,0,5,5,1
O2025-011120,C047,clínica,6/4/2025 17:37,normal,1,3,13,17,3
O2025-011121,C047,clínica,6/4/2025 17:50,normal,0,1,4,5,2
O2025-011122,C056,clínica,6/4/2025 17:55,normal,0,0,6,6,1
O2025-011123,C065,clínica,6/4/2025 18:02,normal,0,2,8,10,2
O2025-011124,C041,clínica,6/4/2025 18:03,normal,0,3,5,8,2
O2025-011125,C104,gimnasio,6/4/2025 18:04,normal,0,3,0,3,1
O2025-011126,C012,hotel,6/4/2025 18:42,normal,0,0,5,5,1
O2025-011127,C102,gimnasio,6/4/2025 18:48,normal,0,0,6,6,1
O2025-011128,C040,clínica,6/4/2025 18:54,normal,0,0,2,2,1
O2025-011129,C049,clínica,6/4/2025 19:08,normal,0,1,2,3,2
O2025-011130,C074,gimnasio,6/4/2025 19:21,normal,0,2,1,3,2
O2025-011131,C143,restaurante,6/4/2025 20:31,normal,0,1,0,1,1
O2025-011132,C114,restaurante,6/4/2025 20:46,normal,0,2,0,2,1
O2025-011133,C125,restaurante,6/4/2025 21:07,rápido,0,0,3,3,1
O2025-011134,C148,restaurante,6/4/2025 21:31,normal,0,3,0,3,1
O2025-011135,C141,restaurante,6/4/2025 21:48,normal,0,0,2,2,1
O2025-011136,C120,restaurante,6/4/2025 22:06,normal,0,0,2,2,1
O2025-011137,C068,gimnasio,6/5/2025 6:25,normal,0,0,6,6,1
O2025-011138,C146,restaurante,6/5/2025 7:11,normal,0,0,1,1,1
O2025-011139,C102,gimnasio,6/5/2025 7:31,normal,0,3,0,3,1
O2025-011140,C062,clínica,6/5/2025 7:41,rápido,0,1,1,2,2
O2025-011141,C015,hotel,6/5/2025 7:49,normal,0,0,3,3,1
O2025-011142,C140,restaurante,6/5/2025 7:49,normal,0,0,1,1,1
O2025-011143,C109,restaurante,6/5/2025 7:51,normal,1,2,1,4,3
O2025-011144,C003,hotel,6/5/2025 8:09,normal,0,0,6,6,1
O2025-011145,C018,hotel,6/5/2025 8:27,normal,0,1,3,4,2
O2025-011146,C005,hotel,6/5/2025 8:34,normal,0,1,2,3,2
O2025-011147,C157,restaurante,6/5/2025 8:44,normal,0,2,1,3,2
O2025-011148,C012,hotel,6/5/2025 8:55,normal,1,1,5,7,3
O2025-011149,C039,clínica,6/5/2025 8:58,normal,0,1,3,4,2
O2025-011150,C091,gimnasio,6/5/2025 9:07,normal,0,1,3,4,2
O2025-011151,C017,hotel,6/5/2025 9:07,normal,0,0,27,27,1
O2025-011152,C105,gimnasio,6/5/2025 9:09,normal,0,6,1,7,2
O2025-011153,C007,hotel,6/5/2025 9:10,normal,0,1,7,8,2
O2025-011154,C022,hotel,6/5/2025 9:12,normal,0,0,3,3,1
O2025-011155,C149,restaurante,6/5/2025 9:14,normal,0,0,2,2,1
O2025-011156,C005,hotel,6/5/2025 9:17,normal,0,1,4,5,2
O2025-011157,C152,restaurante,6/5/2025 9:19,rápido,0,0,1,1,1
O2025-011158,C154,restaurante,6/5/2025 9:26,normal,0,2,0,2,1
O2025-011159,C109,restaurante,6/5/2025 9:27,normal,0,0,2,2,1
O2025-011160,C142,restaurante,6/5/2025 9:34,normal,0,1,1,2,2
O2025-011161,C035,clínica,6/5/2025 9:35,normal,0,2,3,5,2
O2025-011162,C147,restaurante,6/5/2025 9:46,normal,0,0,1,1,1
O2025-011163,C111,restaurante,6/5/2025 9:46,normal,3,0,0,3,1
O2025-011164,C046,clínica,6/5/2025 10:07,normal,0,0,4,4,1
O2025-011165,C032,clínica,6/5/2025 10:18,rápido,0,0,2,2,1
O2025-011166,C048,clínica,6/5/2025 10:24,normal,0,2,3,5,2
O2025-011167,C107,restaurante,6/5/2025 10:28,rápido,1,0,3,4,2
O2025-011168,C015,hotel,6/5/2025 10:29,normal,0,0,2,2,1
O2025-011169,C112,restaurante,6/5/2025 10:36,normal,0,0,2,2,1
O2025-011170,C006,hotel,6/5/2025 10:41,normal,0,1,10,11,2
O2025-011171,C014,hotel,6/5/2025 11:06,normal,0,0,4,4,1
O2025-011172,C042,clínica,6/5/2025 11:14,normal,0,1,1,2,2
O2025-011173,C103,gimnasio,6/5/2025 13:07,normal,0,1,0,1,1
O2025-011174,C014,hotel,6/5/2025 13:39,normal,1,4,0,5,2
O2025-011175,C059,clínica,6/5/2025 14:05,normal,0,2,4,6,2
O2025-011176,C018,hotel,6/5/2025 14:18,normal,0,0,3,3,1
O2025-011177,C031,clínica,6/5/2025 14:20,normal,0,0,13,13,1
O2025-011178,C003,hotel,6/5/2025 14:29,normal,0,0,10,10,1
O2025-011179,C144,restaurante,6/5/2025 14:30,normal,0,1,2,3,2
O2025-011180,C150,restaurante,6/5/2025 14:31,normal,1,2,1,4,3
O2025-011181,C081,gimnasio,6/5/2025 14:42,normal,0,2,0,2,1
O2025-011182,C012,hotel,6/5/2025 14:46,normal,0,1,9,10,2
O2025-011183,C041,clínica,6/5/2025 14:59,normal,0,0,8,8,1
O2025-011184,C141,restaurante,6/5/2025 15:04,normal,0,1,1,2,2
O2025-011185,C004,hotel,6/5/2025 15:16,normal,1,0,4,5,2
O2025-011186,C061,clínica,6/5/2025 15:29,normal,0,3,0,3,1
O2025-011187,C037,clínica,6/5/2025 15:40,normal,0,1,2,3,2
O2025-011188,C043,clínica,6/5/2025 15:43,normal,0,0,4,4,1
O2025-011189,C027,hotel,6/5/2025 15:57,normal,0,0,4,4,1
O2025-011190,C051,clínica,6/5/2025 16:00,normal,0,2,10,12,2
O2025-011191,C127,restaurante,6/5/2025 16:03,rápido,0,1,1,2,2
O2025-011192,C016,hotel,6/5/2025 16:09,normal,0,2,14,16,2
O2025-011193,C048,clínica,6/5/2025 17:07,normal,0,3,0,3,1
O2025-011194,C081,gimnasio,6/5/2025 17:39,normal,0,2,1,3,2
O2025-011195,C052,clínica,6/5/2025 17:39,rápido,0,0,3,3,1
O2025-011196,C016,hotel,6/5/2025 18:05,normal,0,0,11,11,1
O2025-011197,C063,clínica,6/5/2025 18:07,normal,1,0,6,7,2
O2025-011198,C047,clínica,6/5/2025 18:21,normal,0,1,3,4,2
O2025-011199,C047,clínica,6/5/2025 18:39,normal,0,0,7,7,1
O2025-011200,C073,gimnasio,6/5/2025 19:02,normal,0,0,5,5,1
O2025-011201,C095,gimnasio,6/5/2025 19:12,normal,0,1,1,2,2
O2025-011202,C072,gimnasio,6/5/2025 19:49,normal,0,0,4,4,1
O2025-011203,C116,restaurante,6/5/2025 20:32,normal,0,0,1,1,1
O2025-011204,C082,gimnasio,6/5/2025 20:35,normal,0,2,1,3,2
O2025-011205,C108,restaurante,6/5/2025 21:09,rápido,0,2,0,2,1
O2025-011206,C155,restaurante,6/5/2025 22:23,normal,0,1,1,2,2
O2025-011207,C022,hotel,6/6/2025 6:08,normal,0,1,2,3,2
O2025-011208,C097,gimnasio,6/6/2025 6:51,normal,0,0,2,2,1
O2025-011209,C029,hotel,6/6/2025 6:53,normal,0,0,8,8,1
O2025-011210,C008,hotel,6/6/2025 7:29,normal,0,0,3,3,1
O2025-011211,C029,hotel,6/6/2025 7:29,normal,0,0,14,14,1
O2025-011212,C077,gimnasio,6/6/2025 7:42,normal,0,2,0,2,1
O2025-011213,C002,hotel,6/6/2025 7:57,rápido,0,0,1,1,1
O2025-011214,C083,gimnasio,6/6/2025 8:04,normal,0,2,0,2,1
O2025-011215,C141,restaurante,6/6/2025 8:04,normal,0,1,2,3,2
O2025-011216,C074,gimnasio,6/6/2025 8:07,normal,0,5,0,5,1
O2025-011217,C095,gimnasio,6/6/2025 8:20,normal,0,0,4,4,1
O2025-011218,C008,hotel,6/6/2025 8:22,normal,0,1,2,3,2
O2025-011219,C134,restaurante,6/6/2025 8:25,rápido,0,0,2,2,1
O2025-011220,C005,hotel,6/6/2025 8:26,normal,1,0,6,7,2
O2025-011221,C020,hotel,6/6/2025 8:33,normal,0,1,5,6,2
O2025-011222,C022,hotel,6/6/2025 8:43,normal,0,0,5,5,1
O2025-011223,C014,hotel,6/6/2025 8:54,rápido,1,0,2,3,2
O2025-011224,C028,hotel,6/6/2025 8:57,normal,1,0,9,10,2
O2025-011225,C006,hotel,6/6/2025 8:58,normal,0,0,6,6,1
O2025-011226,C043,clínica,6/6/2025 8:58,normal,0,3,5,8,2
O2025-011227,C005,hotel,6/6/2025 9:05,normal,0,0,10,10,1
O2025-011228,C063,clínica,6/6/2025 9:12,normal,0,2,7,9,2
O2025-011229,C009,hotel,6/6/2025 9:13,normal,0,0,6,6,1
O2025-011230,C021,hotel,6/6/2025 9:19,normal,0,0,3,3,1
O2025-011231,C149,restaurante,6/6/2025 9:23,normal,0,1,2,3,2
O2025-011232,C062,clínica,6/6/2025 9:31,normal,0,1,1,2,2
O2025-011233,C049,clínica,6/6/2025 9:33,normal,1,1,2,4,3
O2025-011234,C032,clínica,6/6/2025 9:39,normal,0,0,7,7,1
O2025-011235,C019,hotel,6/6/2025 10:00,normal,0,0,7,7,1
O2025-011236,C117,restaurante,6/6/2025 10:05,normal,0,1,1,2,2
O2025-011237,C042,clínica,6/6/2025 10:12,normal,0,0,4,4,1
O2025-011238,C065,clínica,6/6/2025 10:24,normal,0,1,3,4,2
O2025-011239,C104,gimnasio,6/6/2025 11:16,normal,1,2,0,3,2
O2025-011240,C111,restaurante,6/6/2025 11:23,normal,0,1,1,2,2
O2025-011241,C072,gimnasio,6/6/2025 11:49,normal,0,0,6,6,1
O2025-011242,C077,gimnasio,6/6/2025 12:56,rápido,0,1,1,2,2
O2025-011243,C007,hotel,6/6/2025 13:36,normal,0,0,7,7,1
O2025-011244,C076,gimnasio,6/6/2025 13:36,normal,0,1,2,3,2
O2025-011245,C019,hotel,6/6/2025 13:38,normal,0,0,3,3,1
O2025-011246,C135,restaurante,6/6/2025 13:55,normal,0,1,2,3,2
O2025-011247,C030,hotel,6/6/2025 14:13,normal,0,0,4,4,1
O2025-011248,C132,restaurante,6/6/2025 14:24,normal,0,1,1,2,2
O2025-011249,C156,restaurante,6/6/2025 14:32,normal,0,1,1,2,2
O2025-011250,C058,clínica,6/6/2025 14:34,normal,0,4,0,4,1
O2025-011251,C083,gimnasio,6/6/2025 14:51,normal,1,1,1,3,3
O2025-011252,C159,restaurante,6/6/2025 15:03,normal,0,0,2,2,1
O2025-011253,C152,restaurante,6/6/2025 15:09,normal,0,0,2,2,1
O2025-011254,C061,clínica,6/6/2025 15:12,normal,0,0,6,6,1
O2025-011255,C123,restaurante,6/6/2025 15:30,rápido,0,1,2,3,2
O2025-011256,C119,restaurante,6/6/2025 15:42,normal,0,2,2,4,2
O2025-011257,C022,hotel,6/6/2025 15:49,normal,0,0,3,3,1
O2025-011258,C032,clínica,6/6/2025 16:08,normal,0,4,11,15,2
O2025-011259,C031,clínica,6/6/2025 16:12,normal,0,0,2,2,1
O2025-011260,C144,restaurante,6/6/2025 16:14,normal,0,0,7,7,1
O2025-011261,C045,clínica,6/6/2025 16:22,normal,1,0,2,3,2
O2025-011262,C056,clínica,6/6/2025 16:28,normal,0,0,8,8,1
O2025-011263,C010,hotel,6/6/2025 17:01,normal,0,0,2,2,1
O2025-011264,C122,restaurante,6/6/2025 17:09,rápido,0,2,2,4,2
O2025-011265,C098,gimnasio,6/6/2025 17:29,normal,0,4,0,4,1
O2025-011266,C021,hotel,6/6/2025 18:17,normal,0,1,2,3,2
O2025-011267,C014,hotel,6/6/2025 18:19,rápido,0,0,1,1,1
O2025-011268,C099,gimnasio,6/6/2025 19:03,normal,0,4,0,4,1
O2025-011269,C033,clínica,6/6/2025 19:29,normal,0,0,2,2,1
O2025-011270,C127,restaurante,6/6/2025 20:48,normal,1,1,1,3,3
O2025-011271,C108,restaurante,6/6/2025 21:11,normal,0,1,2,3,2
O2025-011272,C117,restaurante,6/6/2025 22:15,normal,0,1,1,2,2
O2025-011273,C146,restaurante,6/6/2025 22:51,normal,0,0,2,2,1
O2025-011274,C004,hotel,6/7/2025 6:06,rápido,0,0,5,5,1
O2025-011275,C068,gimnasio,6/7/2025 6:32,normal,0,0,3,3,1
O2025-011276,C077,gimnasio,6/7/2025 7:05,normal,0,2,0,2,1
O2025-011277,C009,hotel,6/7/2025 7:10,normal,0,0,20,20,1
O2025-011278,C117,restaurante,6/7/2025 7:32,rápido,0,1,0,1,1
O2025-011279,C132,restaurante,6/7/2025 7:38,normal,0,3,0,3,1
O2025-011280,C100,gimnasio,6/7/2025 7:44,normal,0,3,3,6,2
O2025-011281,C042,clínica,6/7/2025 8:09,normal,0,0,7,7,1
O2025-011282,C134,restaurante,6/7/2025 8:12,rápido,0,0,1,1,1
O2025-011283,C160,restaurante,6/7/2025 8:23,normal,0,0,2,2,1
O2025-011284,C088,gimnasio,6/7/2025 8:25,normal,0,1,0,1,1
O2025-011285,C017,hotel,6/7/2025 8:46,normal,0,0,28,28,1
O2025-011286,C009,hotel,6/7/2025 8:46,normal,0,0,17,17,1
O2025-011287,C144,restaurante,6/7/2025 8:48,normal,0,2,0,2,1
O2025-011288,C024,hotel,6/7/2025 8:51,normal,1,0,6,7,2
O2025-011289,C017,hotel,6/7/2025 8:55,normal,0,2,17,19,2
O2025-011290,C014,hotel,6/7/2025 8:56,normal,0,1,3,4,2
O2025-011291,C030,hotel,6/7/2025 8:57,normal,0,1,2,3,2
O2025-011292,C033,clínica,6/7/2025 9:22,normal,0,0,3,3,1
O2025-011293,C144,restaurante,6/7/2025 9:39,normal,0,1,2,3,2
O2025-011294,C144,restaurante,6/7/2025 9:40,normal,0,1,3,4,2
O2025-011295,C024,hotel,6/7/2025 9:54,normal,0,0,9,9,1
O2025-011296,C029,hotel,6/7/2025 9:54,normal,0,3,9,12,2
O2025-011297,C059,clínica,6/7/2025 10:06,normal,0,0,5,5,1
O2025-011298,C013,hotel,6/7/2025 10:07,normal,0,0,8,8,1
O2025-011299,C015,hotel,6/7/2025 10:36,normal,0,1,2,3,2
O2025-011300,C054,clínica,6/7/2025 10:57,normal,0,0,3,3,1
O2025-011301,C076,gimnasio,6/7/2025 11:39,rápido,0,1,1,2,2
O2025-011302,C089,gimnasio,6/7/2025 11:43,rápido,0,1,1,2,2
O2025-011303,C023,hotel,6/7/2025 12:23,normal,0,0,3,3,1
O2025-011304,C096,gimnasio,6/7/2025 12:49,normal,0,2,1,3,2
O2025-011305,C012,hotel,6/7/2025 13:22,normal,0,0,4,4,1
O2025-011306,C091,gimnasio,6/7/2025 13:28,normal,0,3,0,3,1
O2025-011307,C012,hotel,6/7/2025 13:34,normal,0,0,7,7,1
O2025-011308,C106,restaurante,6/7/2025 13:41,normal,0,1,0,1,1
O2025-011309,C021,hotel,6/7/2025 14:03,normal,0,0,11,11,1
O2025-011310,C023,hotel,6/7/2025 14:12,normal,0,0,10,10,1
O2025-011311,C021,hotel,6/7/2025 14:13,normal,0,0,3,3,1
O2025-011312,C129,restaurante,6/7/2025 14:18,normal,1,1,0,2,2
O2025-011313,C125,restaurante,6/7/2025 14:24,rápido,0,0,1,1,1
O2025-011314,C113,restaurante,6/7/2025 15:07,normal,0,1,1,2,2
O2025-011315,C004,hotel,6/7/2025 15:13,normal,0,0,14,14,1
O2025-011316,C117,restaurante,6/7/2025 15:18,normal,0,1,1,2,2
O2025-011317,C142,restaurante,6/7/2025 15:28,normal,0,2,0,2,1
O2025-011318,C148,restaurante,6/7/2025 15:41,normal,0,1,2,3,2
O2025-011319,C141,restaurante,6/7/2025 15:50,normal,1,1,1,3,3
O2025-011320,C005,hotel,6/7/2025 15:58,normal,1,0,2,3,2
O2025-011321,C028,hotel,6/7/2025 16:01,normal,0,2,7,9,2
O2025-011322,C123,restaurante,6/7/2025 16:15,normal,0,3,0,3,1
O2025-011323,C004,hotel,6/7/2025 16:27,normal,0,0,3,3,1
O2025-011324,C115,restaurante,6/7/2025 17:03,normal,0,1,1,2,2
O2025-011325,C034,clínica,6/7/2025 17:21,rápido,0,0,2,2,1
O2025-011326,C028,hotel,6/7/2025 17:25,normal,0,0,4,4,1
O2025-011327,C021,hotel,6/7/2025 17:35,normal,0,0,5,5,1
O2025-011328,C094,gimnasio,6/7/2025 17:54,normal,0,3,0,3,1
O2025-011329,C026,hotel,6/7/2025 18:08,normal,0,0,7,7,1
O2025-011330,C006,hotel,6/7/2025 18:14,normal,0,0,3,3,1
O2025-011331,C095,gimnasio,6/7/2025 18:27,normal,0,1,1,2,2
O2025-011332,C006,hotel,6/7/2025 18:28,normal,0,0,6,6,1
O2025-011333,C084,gimnasio,6/7/2025 18:33,normal,0,0,3,3,1
O2025-011334,C027,hotel,6/7/2025 18:40,normal,0,0,3,3,1
O2025-011335,C122,restaurante,6/7/2025 20:15,normal,0,0,2,2,1
O2025-011336,C081,gimnasio,6/7/2025 20:33,normal,0,3,3,6,2
O2025-011337,C110,restaurante,6/7/2025 20:58,normal,0,0,1,1,1
O2025-011338,C139,restaurante,6/7/2025 20:59,normal,0,0,3,3,1
O2025-011339,C156,restaurante,6/7/2025 21:24,normal,1,1,1,3,3
O2025-011340,C107,restaurante,6/7/2025 22:04,normal,0,0,4,4,1
O2025-011341,C094,gimnasio,6/8/2025 7:23,rápido,0,1,1,2,2
O2025-011342,C073,gimnasio,6/8/2025 7:32,normal,0,0,2,2,1
O2025-011343,C104,gimnasio,6/8/2025 7:33,normal,0,2,0,2,1
O2025-011344,C024,hotel,6/8/2025 7:37,normal,0,0,4,4,1
O2025-011345,C096,gimnasio,6/8/2025 7:48,normal,0,1,2,3,2
O2025-011346,C009,hotel,6/8/2025 8:18,normal,1,0,3,4,2
O2025-011347,C129,restaurante,6/8/2025 8:24,normal,0,1,1,2,2
O2025-011348,C016,hotel,6/8/2025 8:27,normal,0,2,6,8,2
O2025-011349,C011,hotel,6/8/2025 8:27,normal,0,0,6,6,1
O2025-011350,C019,hotel,6/8/2025 8:29,normal,0,0,8,8,1
O2025-011351,C067,gimnasio,6/8/2025 8:38,normal,0,0,4,4,1
O2025-011352,C025,hotel,6/8/2025 8:41,normal,0,4,7,11,2
O2025-011353,C026,hotel,6/8/2025 8:54,normal,0,0,3,3,1
O2025-011354,C135,restaurante,6/8/2025 9:16,normal,0,1,1,2,2
O2025-011355,C158,restaurante,6/8/2025 9:18,normal,0,2,0,2,1
O2025-011356,C076,gimnasio,6/8/2025 9:34,normal,0,1,1,2,2
O2025-011357,C108,restaurante,6/8/2025 9:40,normal,0,1,1,2,2
O2025-011358,C021,hotel,6/8/2025 9:44,normal,0,4,7,11,2
O2025-011359,C030,hotel,6/8/2025 9:55,normal,0,1,2,3,2
O2025-011360,C126,restaurante,6/8/2025 9:58,normal,0,1,3,4,2
O2025-011361,C012,hotel,6/8/2025 10:25,normal,1,0,3,4,2
O2025-011362,C073,gimnasio,6/8/2025 11:49,normal,4,0,0,4,1
O2025-011363,C012,hotel,6/8/2025 13:14,normal,0,0,5,5,1
O2025-011364,C002,hotel,6/8/2025 13:30,normal,0,0,2,2,1
O2025-011365,C012,hotel,6/8/2025 13:33,normal,0,2,6,8,2
O2025-011366,C106,restaurante,6/8/2025 13:45,normal,0,3,2,5,2
O2025-011367,C155,restaurante,6/8/2025 14:06,normal,0,1,1,2,2
O2025-011368,C153,restaurante,6/8/2025 14:15,rápido,0,0,2,2,1
O2025-011369,C017,hotel,6/8/2025 14:42,normal,0,0,12,12,1
O2025-011370,C001,hotel,6/8/2025 15:11,normal,0,0,7,7,1
O2025-011371,C016,hotel,6/8/2025 15:14,normal,0,0,20,20,1
O2025-011372,C010,hotel,6/8/2025 15:37,normal,0,0,7,7,1
O2025-011373,C095,gimnasio,6/8/2025 15:42,normal,0,2,2,4,2
O2025-011374,C084,gimnasio,6/8/2025 15:43,normal,3,6,0,9,2
O2025-011375,C119,restaurante,6/8/2025 15:48,normal,1,0,2,3,2
O2025-011376,C004,hotel,6/8/2025 15:54,normal,0,0,5,5,1
O2025-011377,C130,restaurante,6/8/2025 15:58,normal,0,0,5,5,1
O2025-011378,C106,restaurante,6/8/2025 15:59,normal,0,1,0,1,1
O2025-011379,C010,hotel,6/8/2025 16:16,normal,1,0,11,12,2
O2025-011380,C110,restaurante,6/8/2025 16:40,normal,0,0,1,1,1
O2025-011381,C024,hotel,6/8/2025 16:53,rápido,0,1,4,5,2
O2025-011382,C021,hotel,6/8/2025 17:37,normal,0,0,3,3,1
O2025-011383,C026,hotel,6/8/2025 17:42,normal,0,0,2,2,1
O2025-011384,C016,hotel,6/8/2025 18:11,normal,0,0,3,3,1
O2025-011385,C104,gimnasio,6/8/2025 18:20,normal,0,2,1,3,2
O2025-011386,C071,gimnasio,6/8/2025 18:27,rápido,0,1,1,2,2
O2025-011387,C151,restaurante,6/8/2025 18:28,normal,0,2,0,2,1
O2025-011388,C019,hotel,6/8/2025 18:32,normal,0,0,3,3,1
O2025-011389,C024,hotel,6/8/2025 18:40,rápido,0,1,4,5,2
O2025-011390,C095,gimnasio,6/8/2025 19:08,normal,0,0,2,2,1
O2025-011391,C086,gimnasio,6/8/2025 19:11,normal,0,0,6,6,1
O2025-011392,C103,gimnasio,6/8/2025 19:12,normal,0,1,0,1,1
O2025-011393,C018,hotel,6/8/2025 19:19,normal,0,0,3,3,1
O2025-011394,C151,restaurante,6/8/2025 19:29,normal,0,2,1,3,2
O2025-011395,C093,gimnasio,6/8/2025 20:08,normal,0,4,2,6,2
O2025-011396,C148,restaurante,6/8/2025 21:11,normal,0,2,2,4,2
O2025-011397,C152,restaurante,6/8/2025 21:17,normal,0,0,3,3,1
O2025-011398,C118,restaurante,6/8/2025 21:42,normal,0,2,2,4,2
O2025-011399,C147,restaurante,6/8/2025 21:50,normal,1,0,1,2,2
O2025-011400,C066,gimnasio,6/9/2025 7:11,normal,0,1,1,2,2
O2025-011401,C097,gimnasio,6/9/2025 7:14,normal,0,6,0,6,1
O2025-011402,C018,hotel,6/9/2025 7:27,normal,1,0,5,6,2
O2025-011403,C072,gimnasio,6/9/2025 7:33,normal,0,4,0,4,1
O2025-011404,C117,restaurante,6/9/2025 7:35,normal,0,0,2,2,1
O2025-011405,C068,gimnasio,6/9/2025 7:51,normal,1,0,2,3,2
O2025-011406,C086,gimnasio,6/9/2025 7:52,normal,0,0,3,3,1
O2025-011407,C030,hotel,6/9/2025 7:55,normal,0,1,1,2,2
O2025-011408,C065,clínica,6/9/2025 8:10,normal,0,0,3,3,1
O2025-011409,C020,hotel,6/9/2025 8:36,normal,0,0,3,3,1
O2025-011410,C011,hotel,6/9/2025 8:55,normal,0,0,3,3,1
O2025-011411,C027,hotel,6/9/2025 9:04,normal,0,0,7,7,1
O2025-011412,C041,clínica,6/9/2025 9:06,normal,0,0,9,9,1
O2025-011413,C058,clínica,6/9/2025 9:29,normal,0,0,2,2,1
O2025-011414,C021,hotel,6/9/2025 9:39,normal,1,2,9,12,3
O2025-011415,C028,hotel,6/9/2025 9:46,normal,0,0,3,3,1
O2025-011416,C042,clínica,6/9/2025 9:57,normal,0,0,7,7,1
O2025-011417,C011,hotel,6/9/2025 9:57,rápido,0,2,7,9,2
O2025-011418,C060,clínica,6/9/2025 9:58,normal,0,1,4,5,2
O2025-011419,C039,clínica,6/9/2025 10:14,normal,0,0,2,2,1
O2025-011420,C002,hotel,6/9/2025 10:16,normal,0,1,2,3,2
O2025-011421,C036,clínica,6/9/2025 10:19,normal,1,0,7,8,2
O2025-011422,C065,clínica,6/9/2025 10:23,normal,1,3,0,4,2
O2025-011423,C014,hotel,6/9/2025 10:39,rápido,0,1,1,2,2
O2025-011424,C041,clínica,6/9/2025 11:46,normal,0,0,4,4,1
O2025-011425,C076,gimnasio,6/9/2025 12:38,normal,1,2,2,5,3
O2025-011426,C021,hotel,6/9/2025 12:51,normal,0,0,2,2,1
O2025-011427,C074,gimnasio,6/9/2025 12:54,normal,0,4,1,5,2
O2025-011428,C010,hotel,6/9/2025 13:04,normal,0,0,4,4,1
O2025-011429,C010,hotel,6/9/2025 13:19,normal,0,0,7,7,1
O2025-011430,C028,hotel,6/9/2025 13:24,normal,0,0,8,8,1
O2025-011431,C011,hotel,6/9/2025 13:30,normal,0,0,5,5,1
O2025-011432,C001,hotel,6/9/2025 13:31,normal,0,2,2,4,2
O2025-011433,C111,restaurante,6/9/2025 13:35,normal,0,1,1,2,2
O2025-011434,C056,clínica,6/9/2025 13:42,normal,0,0,10,10,1
O2025-011435,C025,hotel,6/9/2025 14:10,normal,1,0,9,10,2
O2025-011436,C036,clínica,6/9/2025 14:11,normal,0,0,6,6,1
O2025-011437,C052,clínica,6/9/2025 14:13,normal,0,1,1,2,2
O2025-011438,C060,clínica,6/9/2025 14:17,normal,0,0,6,6,1
O2025-011439,C019,hotel,6/9/2025 14:24,normal,0,0,4,4,1
O2025-011440,C031,clínica,6/9/2025 14:44,rápido,0,1,2,3,2
O2025-011441,C025,hotel,6/9/2025 15:05,normal,0,0,6,6,1
O2025-011442,C017,hotel,6/9/2025 15:07,normal,2,6,0,8,2
O2025-011443,C157,restaurante,6/9/2025 15:18,normal,0,1,1,2,2
O2025-011444,C036,clínica,6/9/2025 15:18,normal,0,5,4,9,2
O2025-011445,C054,clínica,6/9/2025 15:34,normal,0,0,5,5,1
O2025-011446,C032,clínica,6/9/2025 15:35,normal,0,0,14,14,1
O2025-011447,C055,clínica,6/9/2025 17:00,normal,0,2,3,5,2
O2025-011448,C087,gimnasio,6/9/2025 17:08,normal,0,8,5,13,2
O2025-011449,C011,hotel,6/9/2025 17:10,normal,0,0,4,4,1
O2025-011450,C104,gimnasio,6/9/2025 17:55,normal,0,4,0,4,1
O2025-011451,C050,clínica,6/9/2025 18:42,normal,0,1,3,4,2
O2025-011452,C010,hotel,6/9/2025 18:47,normal,0,1,5,6,2
O2025-011453,C049,clínica,6/9/2025 19:25,normal,0,0,5,5,1
O2025-011454,C055,clínica,6/9/2025 19:42,normal,0,0,4,4,1
O2025-011455,C120,restaurante,6/9/2025 21:56,normal,0,0,2,2,1
O2025-011456,C122,restaurante,6/9/2025 22:31,normal,0,1,2,3,2
O2025-011457,C070,gimnasio,6/10/2025 7:08,normal,0,3,2,5,2
O2025-011458,C052,clínica,6/10/2025 7:20,rápido,0,0,3,3,1
O2025-011459,C157,restaurante,6/10/2025 7:40,normal,0,1,1,2,2
O2025-011460,C098,gimnasio,6/10/2025 7:46,normal,0,4,0,4,1
O2025-011461,C064,clínica,6/10/2025 7:54,normal,0,2,2,4,2
O2025-011462,C109,restaurante,6/10/2025 7:58,normal,0,1,1,2,2
O2025-011463,C054,clínica,6/10/2025 8:11,normal,0,1,4,5,2
O2025-011464,C013,hotel,6/10/2025 8:14,normal,1,0,5,6,2
O2025-011465,C040,clínica,6/10/2025 8:17,normal,0,0,3,3,1
O2025-011466,C011,hotel,6/10/2025 8:17,normal,0,0,9,9,1
O2025-011467,C091,gimnasio,6/10/2025 8:19,normal,0,4,3,7,2
O2025-011468,C019,hotel,6/10/2025 8:37,normal,0,0,3,3,1
O2025-011469,C040,clínica,6/10/2025 8:41,normal,0,1,4,5,2
O2025-011470,C003,hotel,6/10/2025 8:55,normal,0,0,5,5,1
O2025-011471,C032,clínica,6/10/2025 8:57,normal,0,0,9,9,1
O2025-011472,C024,hotel,6/10/2025 8:58,normal,0,0,21,21,1
O2025-011473,C032,clínica,6/10/2025 9:02,normal,1,0,8,9,2
O2025-011474,C017,hotel,6/10/2025 9:15,normal,0,0,10,10,1
O2025-011475,C030,hotel,6/10/2025 9:24,normal,0,0,2,2,1
O2025-011476,C018,hotel,6/10/2025 9:33,normal,0,0,2,2,1
O2025-011477,C004,hotel,6/10/2025 9:34,normal,0,2,4,6,2
O2025-011478,C019,hotel,6/10/2025 9:34,normal,0,0,5,5,1
O2025-011479,C130,restaurante,6/10/2025 9:40,normal,1,0,3,4,2
O2025-011480,C041,clínica,6/10/2025 9:47,rápido,0,0,3,3,1
O2025-011481,C004,hotel,6/10/2025 9:55,normal,0,2,3,5,2
O2025-011482,C003,hotel,6/10/2025 9:58,normal,0,4,8,12,2
O2025-011483,C063,clínica,6/10/2025 9:59,normal,0,0,4,4,1
O2025-011484,C013,hotel,6/10/2025 10:02,normal,0,0,14,14,1
O2025-011485,C012,hotel,6/10/2025 10:02,normal,0,0,4,4,1
O2025-011486,C136,restaurante,6/10/2025 10:13,normal,0,0,2,2,1
O2025-011487,C047,clínica,6/10/2025 10:25,normal,0,3,4,7,2
O2025-011488,C096,gimnasio,6/10/2025 10:31,normal,0,7,0,7,1
O2025-011489,C061,clínica,6/10/2025 10:41,normal,0,3,3,6,2
O2025-011490,C042,clínica,6/10/2025 11:12,normal,0,0,4,4,1
O2025-011491,C098,gimnasio,6/10/2025 11:14,normal,0,1,1,2,2
O2025-011492,C044,clínica,6/10/2025 11:23,normal,0,2,3,5,2
O2025-011493,C031,clínica,6/10/2025 11:48,normal,0,0,7,7,1
O2025-011494,C087,gimnasio,6/10/2025 11:59,normal,0,5,1,6,2
O2025-011495,C088,gimnasio,6/10/2025 12:15,normal,0,1,0,1,1
O2025-011496,C084,gimnasio,6/10/2025 12:27,normal,0,5,4,9,2
O2025-011497,C089,gimnasio,6/10/2025 13:02,normal,0,0,3,3,1
O2025-011498,C004,hotel,6/10/2025 13:10,normal,0,3,7,10,2
O2025-011499,C145,restaurante,6/10/2025 13:27,normal,0,4,0,4,1
O2025-011500,C097,gimnasio,6/10/2025 13:30,normal,0,0,6,6,1
O2025-011501,C097,gimnasio,6/10/2025 13:30,normal,0,2,4,6,2
O2025-011502,C016,hotel,6/10/2025 13:47,normal,0,0,4,4,1
O2025-011503,C130,restaurante,6/10/2025 14:10,normal,0,2,1,3,2
O2025-011504,C017,hotel,6/10/2025 14:24,normal,0,2,7,9,2
O2025-011505,C027,hotel,6/10/2025 14:26,normal,0,0,11,11,1
O2025-011506,C037,clínica,6/10/2025 14:40,normal,0,0,4,4,1
O2025-011507,C157,restaurante,6/10/2025 15:01,rápido,0,1,1,2,2
O2025-011508,C047,clínica,6/10/2025 15:01,normal,0,0,7,7,1
O2025-011509,C019,hotel,6/10/2025 15:02,normal,1,0,4,5,2
O2025-011510,C017,hotel,6/10/2025 15:03,normal,0,1,7,8,2
O2025-011511,C030,hotel,6/10/2025 15:07,normal,0,0,3,3,1
O2025-011512,C107,restaurante,6/10/2025 15:16,normal,0,2,1,3,2
O2025-011513,C157,restaurante,6/10/2025 15:17,normal,0,0,2,2,1
O2025-011514,C008,hotel,6/10/2025 15:25,normal,0,4,0,4,1
O2025-011515,C060,clínica,6/10/2025 15:30,normal,0,0,10,10,1
O2025-011516,C109,restaurante,6/10/2025 15:44,rápido,0,1,1,2,2
O2025-011517,C058,clínica,6/10/2025 15:46,normal,1,0,2,3,2
O2025-011518,C006,hotel,6/10/2025 16:01,normal,0,0,3,3,1
O2025-011519,C021,hotel,6/10/2025 16:08,normal,0,0,4,4,1
O2025-011520,C064,clínica,6/10/2025 16:11,normal,0,1,3,4,2
O2025-011521,C003,hotel,6/10/2025 16:17,normal,0,0,8,8,1
O2025-011522,C012,hotel,6/10/2025 16:30,normal,0,0,19,19,1
O2025-011523,C056,clínica,6/10/2025 16:42,normal,0,1,4,5,2
O2025-011524,C011,hotel,6/10/2025 17:01,normal,0,0,14,14,1
O2025-011525,C024,hotel,6/10/2025 17:11,normal,0,0,9,9,1
O2025-011526,C042,clínica,6/10/2025 17:25,normal,0,2,4,6,2
O2025-011527,C078,gimnasio,6/10/2025 17:34,normal,0,5,0,5,1
O2025-011528,C042,clínica,6/10/2025 17:49,normal,0,0,8,8,1
O2025-011529,C008,hotel,6/10/2025 18:15,normal,0,0,3,3,1
O2025-011530,C014,hotel,6/10/2025 18:34,normal,0,0,5,5,1
O2025-011531,C100,gimnasio,6/10/2025 18:38,normal,0,2,3,5,2
O2025-011532,C105,gimnasio,6/10/2025 18:41,rápido,0,3,0,3,1
O2025-011533,C068,gimnasio,6/10/2025 18:41,normal,0,0,5,5,1
O2025-011534,C091,gimnasio,6/10/2025 18:46,normal,0,1,2,3,2
O2025-011535,C097,gimnasio,6/10/2025 18:50,normal,0,0,7,7,1
O2025-011536,C077,gimnasio,6/10/2025 18:53,normal,0,3,0,3,1
O2025-011537,C044,clínica,6/10/2025 19:01,normal,0,0,6,6,1
O2025-011538,C040,clínica,6/10/2025 19:22,normal,0,0,3,3,1
O2025-011539,C112,restaurante,6/10/2025 20:25,normal,0,2,1,3,2
O2025-011540,C102,gimnasio,6/10/2025 20:44,normal,0,4,0,4,1
O2025-011541,C127,restaurante,6/10/2025 22:56,normal,1,0,2,3,2
O2025-011542,C141,restaurante,6/11/2025 6:00,normal,1,0,1,2,2
O2025-011543,C097,gimnasio,6/11/2025 6:08,normal,0,0,6,6,1
O2025-011544,C074,gimnasio,6/11/2025 7:02,normal,0,9,0,9,1
O2025-011545,C008,hotel,6/11/2025 7:15,normal,0,0,3,3,1
O2025-011546,C087,gimnasio,6/11/2025 7:23,normal,0,6,0,6,1
O2025-011547,C016,hotel,6/11/2025 8:27,normal,0,0,23,23,1
O2025-011548,C033,clínica,6/11/2025 8:34,normal,0,0,8,8,1
O2025-011549,C015,hotel,6/11/2025 8:36,normal,0,0,4,4,1
O2025-011550,C029,hotel,6/11/2025 8:52,normal,0,0,14,14,1
O2025-011551,C037,clínica,6/11/2025 8:52,normal,1,2,3,6,3
O2025-011552,C039,clínica,6/11/2025 9:00,normal,0,0,2,2,1
O2025-011553,C077,gimnasio,6/11/2025 9:01,normal,0,2,0,2,1
O2025-011554,C030,hotel,6/11/2025 9:06,rápido,0,1,1,2,2
O2025-011555,C065,clínica,6/11/2025 9:08,normal,0,0,4,4,1
O2025-011556,C107,restaurante,6/11/2025 9:18,normal,0,0,3,3,1
O2025-011557,C045,clínica,6/11/2025 9:39,normal,0,0,3,3,1
O2025-011558,C006,hotel,6/11/2025 9:40,normal,1,0,3,4,2
O2025-011559,C051,clínica,6/11/2025 9:47,normal,0,1,3,4,2
O2025-011560,C018,hotel,6/11/2025 9:55,normal,0,0,2,2,1
O2025-011561,C012,hotel,6/11/2025 10:01,normal,0,0,8,8,1
O2025-011562,C059,clínica,6/11/2025 10:05,rápido,0,0,3,3,1
O2025-011563,C065,clínica,6/11/2025 10:38,normal,0,0,5,5,1
O2025-011564,C068,gimnasio,6/11/2025 10:51,normal,0,7,0,7,1
O2025-011565,C078,gimnasio,6/11/2025 11:37,normal,0,1,2,3,2
O2025-011566,C095,gimnasio,6/11/2025 11:50,normal,0,1,2,3,2
O2025-011567,C104,gimnasio,6/11/2025 11:56,normal,1,2,0,3,2
O2025-011568,C017,hotel,6/11/2025 12:22,rápido,0,1,4,5,2
O2025-011569,C100,gimnasio,6/11/2025 12:38,normal,1,7,3,11,3
O2025-011570,C003,hotel,6/11/2025 12:40,normal,0,0,6,6,1
O2025-011571,C013,hotel,6/11/2025 13:01,normal,1,1,3,5,3
O2025-011572,C015,hotel,6/11/2025 13:13,normal,0,0,6,6,1
O2025-011573,C130,restaurante,6/11/2025 13:20,rápido,0,3,0,3,1
O2025-011574,C011,hotel,6/11/2025 13:32,normal,0,0,3,3,1
O2025-011575,C012,hotel,6/11/2025 13:50,normal,0,0,5,5,1
O2025-011576,C014,hotel,6/11/2025 13:56,normal,0,1,5,6,2
O2025-011577,C017,hotel,6/11/2025 13:57,normal,0,3,11,14,2
O2025-011578,C019,hotel,6/11/2025 14:14,normal,0,0,4,4,1
O2025-011579,C054,clínica,6/11/2025 14:14,normal,0,4,3,7,2
O2025-011580,C124,restaurante,6/11/2025 14:18,rápido,0,1,2,3,2
O2025-011581,C036,clínica,6/11/2025 14:24,rápido,0,0,3,3,1
O2025-011582,C004,hotel,6/11/2025 14:25,normal,0,0,9,9,1
O2025-011583,C006,hotel,6/11/2025 14:26,normal,0,0,4,4,1
O2025-011584,C050,clínica,6/11/2025 14:39,normal,0,0,2,2,1
O2025-011585,C057,clínica,6/11/2025 14:44,normal,0,0,3,3,1
O2025-011586,C140,restaurante,6/11/2025 14:50,normal,0,1,2,3,2
O2025-011587,C109,restaurante,6/11/2025 14:52,rápido,0,1,1,2,2
O2025-011588,C021,hotel,6/11/2025 15:10,normal,0,0,6,6,1
O2025-011589,C018,hotel,6/11/2025 15:12,normal,1,1,5,7,3
O2025-011590,C008,hotel,6/11/2025 15:26,normal,1,0,6,7,2
O2025-011591,C106,restaurante,6/11/2025 15:28,normal,0,2,0,2,1
O2025-011592,C010,hotel,6/11/2025 15:30,normal,0,1,4,5,2
O2025-011593,C003,hotel,6/11/2025 15:36,normal,0,0,5,5,1
O2025-011594,C056,clínica,6/11/2025 15:41,normal,0,0,4,4,1
O2025-011595,C043,clínica,6/11/2025 15:48,normal,0,1,1,2,2
O2025-011596,C133,restaurante,6/11/2025 15:54,normal,0,1,0,1,1
O2025-011597,C056,clínica,6/11/2025 16:46,normal,0,0,6,6,1
O2025-011598,C033,clínica,6/11/2025 16:54,normal,1,0,3,4,2
O2025-011599,C056,clínica,6/11/2025 17:06,normal,0,0,4,4,1
O2025-011600,C058,clínica,6/11/2025 17:22,normal,0,1,1,2,2
O2025-011601,C013,hotel,6/11/2025 17:32,normal,0,2,5,7,2
O2025-011602,C051,clínica,6/11/2025 17:34,normal,0,0,4,4,1
O2025-011603,C021,hotel,6/11/2025 17:39,normal,0,0,7,7,1
O2025-011604,C021,hotel,6/11/2025 17:45,normal,0,1,3,4,2
O2025-011605,C003,hotel,6/11/2025 17:53,normal,1,1,8,10,3
O2025-011606,C038,clínica,6/11/2025 18:23,normal,0,0,2,2,1
O2025-011607,C029,hotel,6/11/2025 18:24,normal,0,0,3,3,1
O2025-011608,C025,hotel,6/11/2025 18:26,normal,0,0,3,3,1
O2025-011609,C021,hotel,6/11/2025 18:34,normal,0,0,12,12,1
O2025-011610,C018,hotel,6/11/2025 18:35,normal,0,0,5,5,1
O2025-011611,C083,gimnasio,6/11/2025 18:42,normal,0,0,2,2,1
O2025-011612,C099,gimnasio,6/11/2025 18:51,normal,0,1,1,2,2
O2025-011613,C073,gimnasio,6/11/2025 19:20,normal,0,1,1,2,2
O2025-011614,C104,gimnasio,6/11/2025 19:38,normal,0,3,0,3,1
O2025-011615,C141,restaurante,6/11/2025 21:13,normal,0,0,3,3,1
O2025-011616,C131,restaurante,6/11/2025 22:15,rápido,0,1,1,2,2
O2025-011617,C152,restaurante,6/11/2025 22:40,normal,0,1,2,3,2
O2025-011618,C009,hotel,6/12/2025 6:35,normal,0,0,23,23,1
O2025-011619,C154,restaurante,6/12/2025 7:13,normal,0,2,0,2,1
O2025-011620,C016,hotel,6/12/2025 7:27,normal,0,1,5,6,2
O2025-011621,C063,clínica,6/12/2025 7:28,normal,0,0,6,6,1
O2025-011622,C032,clínica,6/12/2025 7:42,normal,0,0,29,29,1
O2025-011623,C076,gimnasio,6/12/2025 7:44,normal,0,2,0,2,1
O2025-011624,C106,restaurante,6/12/2025 7:47,normal,0,0,3,3,1
O2025-011625,C063,clínica,6/12/2025 7:48,normal,0,2,5,7,2
O2025-011626,C030,hotel,6/12/2025 7:59,normal,0,0,4,4,1
O2025-011627,C092,gimnasio,6/12/2025 8:01,normal,0,2,2,4,2
O2025-011628,C001,hotel,6/12/2025 8:02,normal,0,2,2,4,2
O2025-011629,C019,hotel,6/12/2025 8:13,normal,0,1,4,5,2
O2025-011630,C082,gimnasio,6/12/2025 8:24,normal,1,6,0,7,2
O2025-011631,C011,hotel,6/12/2025 8:29,normal,0,0,6,6,1
O2025-011632,C049,clínica,6/12/2025 8:39,rápido,0,0,2,2,1
O2025-011633,C061,clínica,6/12/2025 8:39,normal,0,4,4,8,2
O2025-011634,C004,hotel,6/12/2025 8:54,normal,0,0,8,8,1
O2025-011635,C005,hotel,6/12/2025 8:58,normal,0,0,4,4,1
O2025-011636,C021,hotel,6/12/2025 9:08,normal,0,2,5,7,2
O2025-011637,C003,hotel,6/12/2025 9:15,normal,0,0,4,4,1
O2025-011638,C014,hotel,6/12/2025 9:22,normal,0,0,3,3,1
O2025-011639,C026,hotel,6/12/2025 9:32,normal,0,1,4,5,2
O2025-011640,C126,restaurante,6/12/2025 9:51,normal,1,2,0,3,2
O2025-011641,C024,hotel,6/12/2025 9:52,normal,0,0,16,16,1
O2025-011642,C011,hotel,6/12/2025 9:58,rápido,0,0,4,4,1
O2025-011643,C106,restaurante,6/12/2025 10:08,normal,0,2,0,2,1
O2025-011644,C059,clínica,6/12/2025 10:12,rápido,0,5,0,5,1
O2025-011645,C059,clínica,6/12/2025 10:23,normal,0,2,8,10,2
O2025-011646,C105,gimnasio,6/12/2025 11:55,rápido,0,3,1,4,2
O2025-011647,C023,hotel,6/12/2025 12:11,normal,1,0,9,10,2
O2025-011648,C028,hotel,6/12/2025 12:27,normal,0,0,3,3,1
O2025-011649,C079,gimnasio,6/12/2025 12:48,normal,1,2,1,4,3
O2025-011650,C072,gimnasio,6/12/2025 12:55,normal,0,2,0,2,1
O2025-011651,C017,hotel,6/12/2025 13:09,normal,0,0,12,12,1
O2025-011652,C143,restaurante,6/12/2025 13:10,normal,0,1,1,2,2
O2025-011653,C104,gimnasio,6/12/2025 13:34,normal,0,2,1,3,2
O2025-011654,C103,gimnasio,6/12/2025 13:41,normal,0,1,1,2,2
O2025-011655,C018,hotel,6/12/2025 13:51,normal,0,0,2,2,1
O2025-011656,C058,clínica,6/12/2025 14:41,normal,0,1,1,2,2
O2025-011657,C150,restaurante,6/12/2025 14:48,normal,0,2,2,4,2
O2025-011658,C058,clínica,6/12/2025 15:02,rápido,1,1,2,4,3
O2025-011659,C138,restaurante,6/12/2025 15:16,normal,0,3,2,5,2
O2025-011660,C065,clínica,6/12/2025 15:18,normal,0,1,1,2,2
O2025-011661,C024,hotel,6/12/2025 15:23,normal,0,0,7,7,1
O2025-011662,C022,hotel,6/12/2025 15:23,normal,0,0,4,4,1
O2025-011663,C022,hotel,6/12/2025 15:23,normal,1,0,4,5,2
O2025-011664,C141,restaurante,6/12/2025 15:24,normal,0,0,1,1,1
O2025-011665,C129,restaurante,6/12/2025 15:38,rápido,0,0,1,1,1
O2025-011666,C003,hotel,6/12/2025 15:43,normal,0,0,7,7,1
O2025-011667,C059,clínica,6/12/2025 15:46,normal,0,0,3,3,1
O2025-011668,C050,clínica,6/12/2025 15:54,normal,0,0,7,7,1
O2025-011669,C056,clínica,6/12/2025 15:55,normal,0,0,4,4,1
O2025-011670,C006,hotel,6/12/2025 16:04,normal,0,0,5,5,1
O2025-011671,C132,restaurante,6/12/2025 16:12,rápido,0,1,0,1,1
O2025-011672,C039,clínica,6/12/2025 16:33,normal,0,0,3,3,1
O2025-011673,C059,clínica,6/12/2025 16:33,normal,1,0,5,6,2
O2025-011674,C006,hotel,6/12/2025 16:53,normal,0,0,4,4,1
O2025-011675,C018,hotel,6/12/2025 16:58,normal,1,0,2,3,2
O2025-011676,C030,hotel,6/12/2025 17:39,normal,0,1,2,3,2
O2025-011677,C029,hotel,6/12/2025 18:04,normal,0,1,6,7,2
O2025-011678,C020,hotel,6/12/2025 18:04,normal,0,0,5,5,1
O2025-011679,C036,clínica,6/12/2025 18:08,normal,0,1,2,3,2
O2025-011680,C051,clínica,6/12/2025 18:40,normal,0,0,6,6,1
O2025-011681,C009,hotel,6/12/2025 18:43,normal,0,0,7,7,1
O2025-011682,C074,gimnasio,6/12/2025 19:49,normal,0,2,0,2,1
O2025-011683,C024,hotel,6/12/2025 19:54,normal,0,0,6,6,1
O2025-011684,C152,restaurante,6/12/2025 20:41,normal,0,0,4,4,1
O2025-011685,C157,restaurante,6/12/2025 20:56,rápido,0,0,2,2,1
O2025-011686,C138,restaurante,6/12/2025 21:20,rápido,0,1,0,1,1
O2025-011687,C160,restaurante,6/12/2025 21:23,normal,1,1,2,4,3
O2025-011688,C157,restaurante,6/12/2025 22:04,rápido,0,1,0,1,1
O2025-011689,C158,restaurante,6/12/2025 22:41,normal,0,1,1,2,2
O2025-011690,C098,gimnasio,6/13/2025 6:55,normal,3,0,0,3,1
O2025-011691,C084,gimnasio,6/13/2025 6:59,normal,0,6,0,6,1
O2025-011692,C020,hotel,6/13/2025 7:01,normal,0,0,4,4,1
O2025-011693,C020,hotel,6/13/2025 7:31,normal,0,2,15,17,2
O2025-011694,C024,hotel,6/13/2025 7:39,normal,0,0,5,5,1
O2025-011695,C105,gimnasio,6/13/2025 7:47,normal,0,13,0,13,1
O2025-011696,C077,gimnasio,6/13/2025 8:01,normal,0,2,1,3,2
O2025-011697,C081,gimnasio,6/13/2025 8:26,normal,0,2,2,4,2
O2025-011698,C019,hotel,6/13/2025 8:38,normal,0,1,2,3,2
O2025-011699,C026,hotel,6/13/2025 8:38,rápido,0,0,2,2,1
O2025-011700,C009,hotel,6/13/2025 8:43,normal,0,0,6,6,1
O2025-011701,C027,hotel,6/13/2025 8:44,normal,0,0,5,5,1
O2025-011702,C154,restaurante,6/13/2025 8:51,normal,0,4,1,5,2
O2025-011703,C121,restaurante,6/13/2025 9:05,normal,0,0,6,6,1
O2025-011704,C064,clínica,6/13/2025 9:09,normal,0,6,0,6,1
O2025-011705,C023,hotel,6/13/2025 9:10,rápido,0,0,6,6,1
O2025-011706,C156,restaurante,6/13/2025 9:19,normal,0,0,1,1,1
O2025-011707,C002,hotel,6/13/2025 9:40,normal,0,1,2,3,2
O2025-011708,C141,restaurante,6/13/2025 9:45,normal,1,0,1,2,2
O2025-011709,C019,hotel,6/13/2025 9:48,normal,0,0,4,4,1
O2025-011710,C026,hotel,6/13/2025 9:56,normal,0,0,5,5,1
O2025-011711,C128,restaurante,6/13/2025 9:58,normal,0,2,2,4,2
O2025-011712,C134,restaurante,6/13/2025 10:05,normal,0,0,4,4,1
O2025-011713,C013,hotel,6/13/2025 10:17,normal,0,0,8,8,1
O2025-011714,C038,clínica,6/13/2025 10:21,normal,0,2,0,2,1
O2025-011715,C045,clínica,6/13/2025 10:35,rápido,0,0,1,1,1
O2025-011716,C138,restaurante,6/13/2025 10:46,normal,0,0,1,1,1
O2025-011717,C060,clínica,6/13/2025 10:51,normal,0,0,10,10,1
O2025-011718,C112,restaurante,6/13/2025 10:53,normal,0,1,1,2,2
O2025-011719,C001,hotel,6/13/2025 12:14,normal,0,0,6,6,1
O2025-011720,C066,gimnasio,6/13/2025 12:30,normal,0,3,3,6,2
O2025-011721,C024,hotel,6/13/2025 12:47,normal,0,0,9,9,1
O2025-011722,C093,gimnasio,6/13/2025 13:25,normal,0,0,3,3,1
O2025-011723,C075,gimnasio,6/13/2025 13:30,normal,1,7,0,8,2
O2025-011724,C103,gimnasio,6/13/2025 13:32,normal,0,2,0,2,1
O2025-011725,C024,hotel,6/13/2025 13:38,normal,1,0,4,5,2
O2025-011726,C006,hotel,6/13/2025 13:46,normal,1,0,6,7,2
O2025-011727,C012,hotel,6/13/2025 13:47,normal,0,0,4,4,1
O2025-011728,C045,clínica,6/13/2025 13:51,rápido,0,0,1,1,1
O2025-011729,C082,gimnasio,6/13/2025 13:51,normal,0,4,4,8,2
O2025-011730,C017,hotel,6/13/2025 13:54,normal,0,4,34,38,2
O2025-011731,C030,hotel,6/13/2025 13:55,normal,0,0,4,4,1
O2025-011732,C026,hotel,6/13/2025 14:05,normal,0,0,6,6,1
O2025-011733,C038,clínica,6/13/2025 14:10,normal,0,1,0,1,1
O2025-011734,C097,gimnasio,6/13/2025 14:20,normal,0,6,0,6,1
O2025-011735,C044,clínica,6/13/2025 14:22,normal,1,0,6,7,2
O2025-011736,C010,hotel,6/13/2025 14:25,normal,0,0,7,7,1
O2025-011737,C002,hotel,6/13/2025 14:27,normal,0,0,5,5,1
O2025-011738,C071,gimnasio,6/13/2025 14:28,normal,0,3,0,3,1
O2025-011739,C150,restaurante,6/13/2025 14:29,rápido,0,1,0,1,1
O2025-011740,C074,gimnasio,6/13/2025 14:34,normal,0,3,0,3,1
O2025-011741,C078,gimnasio,6/13/2025 14:35,normal,0,1,1,2,2
O2025-011742,C024,hotel,6/13/2025 14:37,normal,0,0,4,4,1
O2025-011743,C050,clínica,6/13/2025 14:53,normal,1,0,3,4,2
O2025-011744,C037,clínica,6/13/2025 14:57,rápido,0,1,3,4,2
O2025-011745,C025,hotel,6/13/2025 14:58,normal,0,1,3,4,2
O2025-011746,C082,gimnasio,6/13/2025 15:11,normal,1,2,1,4,3
O2025-011747,C015,hotel,6/13/2025 15:15,normal,0,0,4,4,1
O2025-011748,C040,clínica,6/13/2025 15:18,normal,0,0,1,1,1
O2025-011749,C021,hotel,6/13/2025 15:21,normal,0,0,12,12,1
O2025-011750,C028,hotel,6/13/2025 15:25,normal,0,0,9,9,1
O2025-011751,C140,restaurante,6/13/2025 15:27,normal,0,4,0,4,1
O2025-011752,C029,hotel,6/13/2025 15:39,normal,0,0,7,7,1
O2025-011753,C134,restaurante,6/13/2025 15:53,normal,0,1,2,3,2
O2025-011754,C040,clínica,6/13/2025 16:15,rápido,0,0,2,2,1
O2025-011755,C046,clínica,6/13/2025 16:16,normal,0,1,2,3,2
O2025-011756,C060,clínica,6/13/2025 16:26,normal,1,0,4,5,2
O2025-011757,C034,clínica,6/13/2025 16:35,normal,0,0,3,3,1
O2025-011758,C129,restaurante,6/13/2025 16:48,normal,0,1,0,1,1
O2025-011759,C036,clínica,6/13/2025 16:51,normal,1,1,2,4,3
O2025-011760,C061,clínica,6/13/2025 16:53,normal,0,0,4,4,1
O2025-011761,C030,hotel,6/13/2025 17:10,normal,0,1,2,3,2
O2025-011762,C017,hotel,6/13/2025 17:27,normal,1,0,11,12,2
O2025-011763,C014,hotel,6/13/2025 17:32,normal,0,1,4,5,2
O2025-011764,C032,clínica,6/13/2025 17:38,normal,1,0,8,9,2
O2025-011765,C076,gimnasio,6/13/2025 17:44,normal,0,1,1,2,2
O2025-011766,C041,clínica,6/13/2025 18:21,normal,0,0,8,8,1
O2025-011767,C103,gimnasio,6/13/2025 18:38,normal,0,1,1,2,2
O2025-011768,C066,gimnasio,6/13/2025 19:19,normal,1,1,1,3,3
O2025-011769,C066,gimnasio,6/13/2025 19:28,normal,0,2,0,2,1
O2025-011770,C084,gimnasio,6/13/2025 19:42,normal,8,0,0,8,1
O2025-011771,C082,gimnasio,6/13/2025 19:59,normal,1,0,2,3,2
O2025-011772,C123,restaurante,6/13/2025 20:32,normal,0,1,1,2,2
O2025-011773,C121,restaurante,6/13/2025 21:00,normal,0,3,4,7,2
O2025-011774,C119,restaurante,6/13/2025 21:01,normal,1,3,6,10,3
O2025-011775,C111,restaurante,6/13/2025 21:08,normal,0,1,1,2,2
O2025-011776,C133,restaurante,6/13/2025 21:25,rápido,0,1,1,2,2
O2025-011777,C144,restaurante,6/13/2025 21:26,normal,0,3,0,3,1
O2025-011778,C138,restaurante,6/13/2025 21:46,normal,0,2,2,4,2
O2025-011779,C087,gimnasio,6/14/2025 6:02,normal,0,3,1,4,2
O2025-011780,C070,gimnasio,6/14/2025 6:49,rápido,0,0,3,3,1
O2025-011781,C081,gimnasio,6/14/2025 6:55,normal,1,2,0,3,2
O2025-011782,C001,hotel,6/14/2025 7:04,normal,0,0,5,5,1
O2025-011783,C014,hotel,6/14/2025 7:39,normal,0,0,3,3,1
O2025-011784,C109,restaurante,6/14/2025 7:53,normal,0,1,0,1,1
O2025-011785,C085,gimnasio,6/14/2025 7:57,normal,2,0,0,2,1
O2025-011786,C074,gimnasio,6/14/2025 7:58,normal,1,1,1,3,3
O2025-011787,C134,restaurante,6/14/2025 8:03,normal,0,1,0,1,1
O2025-011788,C032,clínica,6/14/2025 8:19,normal,0,0,8,8,1
O2025-011789,C019,hotel,6/14/2025 8:22,normal,0,0,10,10,1
O2025-011790,C007,hotel,6/14/2025 8:23,normal,0,0,6,6,1
O2025-011791,C017,hotel,6/14/2025 8:33,normal,0,0,11,11,1
O2025-011792,C011,hotel,6/14/2025 8:41,normal,0,0,2,2,1
O2025-011793,C136,restaurante,6/14/2025 9:08,normal,1,0,2,3,2
O2025-011794,C017,hotel,6/14/2025 9:29,normal,0,3,10,13,2
O2025-011795,C159,restaurante,6/14/2025 9:35,normal,0,0,3,3,1
O2025-011796,C026,hotel,6/14/2025 9:53,normal,0,0,3,3,1
O2025-011797,C027,hotel,6/14/2025 9:53,normal,0,1,3,4,2
O2025-011798,C109,restaurante,6/14/2025 9:54,normal,0,2,0,2,1
O2025-011799,C041,clínica,6/14/2025 10:02,normal,1,0,4,5,2
O2025-011800,C049,clínica,6/14/2025 10:03,normal,0,0,4,4,1
O2025-011801,C014,hotel,6/14/2025 10:05,normal,0,0,11,11,1
O2025-011802,C110,restaurante,6/14/2025 10:11,normal,0,0,2,2,1
O2025-011803,C137,restaurante,6/14/2025 10:22,rápido,1,1,0,2,2
O2025-011804,C121,restaurante,6/14/2025 10:25,normal,0,1,3,4,2
O2025-011805,C009,hotel,6/14/2025 10:50,normal,0,1,2,3,2
O2025-011806,C095,gimnasio,6/14/2025 12:04,normal,0,0,2,2,1
O2025-011807,C017,hotel,6/14/2025 12:12,normal,0,3,16,19,2
O2025-011808,C070,gimnasio,6/14/2025 12:39,normal,1,2,2,5,3
O2025-011809,C097,gimnasio,6/14/2025 12:48,normal,0,3,0,3,1
O2025-011810,C076,gimnasio,6/14/2025 13:25,normal,0,1,1,2,2
O2025-011811,C014,hotel,6/14/2025 13:28,normal,0,0,7,7,1
O2025-011812,C058,clínica,6/14/2025 13:53,normal,0,1,1,2,2
O2025-011813,C022,hotel,6/14/2025 14:54,normal,0,0,8,8,1
O2025-011814,C112,restaurante,6/14/2025 14:56,normal,0,0,3,3,1
O2025-011815,C021,hotel,6/14/2025 15:02,normal,0,2,7,9,2
O2025-011816,C009,hotel,6/14/2025 15:08,normal,0,0,6,6,1
O2025-011817,C018,hotel,6/14/2025 15:24,normal,0,1,3,4,2
O2025-011818,C010,hotel,6/14/2025 15:48,normal,0,0,9,9,1
O2025-011819,C110,restaurante,6/14/2025 15:58,normal,0,1,1,2,2
O2025-011820,C020,hotel,6/14/2025 16:20,normal,0,1,7,8,2
O2025-011821,C027,hotel,6/14/2025 16:48,normal,0,0,4,4,1
O2025-011822,C059,clínica,6/14/2025 17:03,normal,1,0,3,4,2
O2025-011823,C082,gimnasio,6/14/2025 17:44,normal,0,2,0,2,1
O2025-011824,C027,hotel,6/14/2025 17:57,normal,0,0,4,4,1
O2025-011825,C030,hotel,6/14/2025 17:57,normal,0,0,2,2,1
O2025-011826,C010,hotel,6/14/2025 18:05,normal,0,0,4,4,1
O2025-011827,C068,gimnasio,6/14/2025 18:07,normal,0,7,0,7,1
O2025-011828,C041,clínica,6/14/2025 18:58,normal,0,0,7,7,1
O2025-011829,C067,gimnasio,6/14/2025 19:10,normal,0,2,0,2,1
O2025-011830,C087,gimnasio,6/14/2025 19:10,normal,0,4,2,6,2
O2025-011831,C094,gimnasio,6/14/2025 19:22,normal,0,1,1,2,2
O2025-011832,C144,restaurante,6/14/2025 21:02,rápido,0,0,3,3,1
O2025-011833,C150,restaurante,6/14/2025 22:27,rápido,0,2,0,2,1
O2025-011834,C086,gimnasio,6/15/2025 7:26,normal,0,2,2,4,2
O2025-011835,C027,hotel,6/15/2025 7:26,normal,0,0,7,7,1
O2025-011836,C018,hotel,6/15/2025 7:31,normal,0,0,4,4,1
O2025-011837,C008,hotel,6/15/2025 8:14,normal,1,0,2,3,2
O2025-011838,C004,hotel,6/15/2025 8:23,rápido,1,0,3,4,2
O2025-011839,C131,restaurante,6/15/2025 8:28,rápido,0,0,1,1,1
O2025-011840,C098,gimnasio,6/15/2025 8:29,rápido,0,1,1,2,2
O2025-011841,C121,restaurante,6/15/2025 8:33,normal,0,1,2,3,2
O2025-011842,C077,gimnasio,6/15/2025 8:41,normal,0,2,0,2,1
O2025-011843,C029,hotel,6/15/2025 8:42,normal,0,2,5,7,2
O2025-011844,C013,hotel,6/15/2025 9:04,normal,1,0,11,12,2
O2025-011845,C147,restaurante,6/15/2025 9:09,normal,1,1,1,3,3
O2025-011846,C110,restaurante,6/15/2025 9:20,normal,0,1,1,2,2
O2025-011847,C007,hotel,6/15/2025 10:06,normal,0,0,3,3,1
O2025-011848,C008,hotel,6/15/2025 10:18,normal,0,1,1,2,2
O2025-011849,C008,hotel,6/15/2025 10:21,normal,0,0,3,3,1
O2025-011850,C121,restaurante,6/15/2025 10:31,normal,3,0,0,3,1
O2025-011851,C101,gimnasio,6/15/2025 10:54,normal,0,2,2,4,2
O2025-011852,C002,hotel,6/15/2025 12:22,normal,0,0,5,5,1
O2025-011853,C012,hotel,6/15/2025 13:14,normal,0,2,5,7,2
O2025-011854,C016,hotel,6/15/2025 13:16,normal,1,5,13,19,3
O2025-011855,C001,hotel,6/15/2025 13:19,normal,1,0,7,8,2
O2025-011856,C021,hotel,6/15/2025 13:39,normal,0,0,10,10,1
O2025-011857,C148,restaurante,6/15/2025 13:39,normal,1,0,4,5,2
O2025-011858,C089,gimnasio,6/15/2025 13:40,normal,0,4,0,4,1
O2025-011859,C075,gimnasio,6/15/2025 14:01,normal,0,4,0,4,1
O2025-011860,C063,clínica,6/15/2025 14:19,normal,0,3,5,8,2
O2025-011861,C133,restaurante,6/15/2025 14:19,normal,0,2,0,2,1
O2025-011862,C025,hotel,6/15/2025 14:49,normal,0,0,5,5,1
O2025-011863,C129,restaurante,6/15/2025 14:59,normal,0,1,1,2,2
O2025-011864,C106,restaurante,6/15/2025 15:09,normal,0,0,2,2,1
O2025-011865,C010,hotel,6/15/2025 15:18,normal,0,0,7,7,1
O2025-011866,C030,hotel,6/15/2025 15:40,normal,0,1,3,4,2
O2025-011867,C128,restaurante,6/15/2025 15:43,normal,1,0,3,4,2
O2025-011868,C009,hotel,6/15/2025 15:47,normal,1,0,14,15,2
O2025-011869,C012,hotel,6/15/2025 15:49,normal,0,1,13,14,2
O2025-011870,C034,clínica,6/15/2025 15:50,normal,0,0,4,4,1
O2025-011871,C157,restaurante,6/15/2025 16:08,normal,0,1,0,1,1
O2025-011872,C132,restaurante,6/15/2025 16:29,normal,0,1,1,2,2
O2025-011873,C118,restaurante,6/15/2025 16:32,normal,0,1,0,1,1
O2025-011874,C152,restaurante,6/15/2025 16:45,normal,0,0,2,2,1
O2025-011875,C113,restaurante,6/15/2025 17:02,normal,0,1,1,2,2
O2025-011876,C030,hotel,6/15/2025 17:04,normal,0,0,1,1,1
O2025-011877,C011,hotel,6/15/2025 17:05,normal,0,0,11,11,1
O2025-011878,C027,hotel,6/15/2025 17:09,normal,0,0,7,7,1
O2025-011879,C010,hotel,6/15/2025 17:41,normal,0,0,3,3,1
O2025-011880,C071,gimnasio,6/15/2025 18:37,normal,0,0,1,1,1
O2025-011881,C012,hotel,6/15/2025 18:49,rápido,0,0,5,5,1
O2025-011882,C094,gimnasio,6/15/2025 18:53,normal,0,3,1,4,2
O2025-011883,C001,hotel,6/15/2025 19:01,normal,0,0,7,7,1
O2025-011884,C008,hotel,6/15/2025 19:15,normal,0,0,5,5,1
O2025-011885,C104,gimnasio,6/15/2025 19:31,normal,0,3,0,3,1
O2025-011886,C115,restaurante,6/15/2025 20:00,normal,0,0,2,2,1
O2025-011887,C121,restaurante,6/15/2025 20:27,normal,0,1,4,5,2
O2025-011888,C132,restaurante,6/15/2025 21:22,normal,0,1,2,3,2
O2025-011889,C134,restaurante,6/15/2025 21:26,normal,0,0,2,2,1
O2025-011890,C133,restaurante,6/15/2025 22:37,rápido,1,1,1,3,3
O2025-011891,C018,hotel,6/16/2025 6:23,rápido,0,0,3,3,1
O2025-011892,C085,gimnasio,6/16/2025 6:58,normal,0,1,1,2,2
O2025-011893,C006,hotel,6/16/2025 7:04,normal,0,0,6,6,1
O2025-011894,C021,hotel,6/16/2025 7:05,normal,0,0,4,4,1
O2025-011895,C102,gimnasio,6/16/2025 7:18,normal,0,2,1,3,2
O2025-011896,C067,gimnasio,6/16/2025 7:27,rápido,0,2,0,2,1
O2025-011897,C011,hotel,6/16/2025 7:33,normal,0,0,5,5,1
O2025-011898,C030,hotel,6/16/2025 7:37,normal,0,1,2,3,2
O2025-011899,C087,gimnasio,6/16/2025 7:43,normal,0,0,10,10,1
O2025-011900,C022,hotel,6/16/2025 7:54,normal,0,0,5,5,1
O2025-011901,C040,clínica,6/16/2025 7:55,normal,0,0,7,7,1
O2025-011902,C040,clínica,6/16/2025 8:00,normal,0,1,2,3,2
O2025-011903,C012,hotel,6/16/2025 8:09,normal,0,0,6,6,1
O2025-011904,C062,clínica,6/16/2025 8:16,normal,0,3,0,3,1
O2025-011905,C001,hotel,6/16/2025 8:44,normal,0,1,11,12,2
O2025-011906,C015,hotel,6/16/2025 8:51,rápido,0,1,3,4,2
O2025-011907,C039,clínica,6/16/2025 8:54,normal,0,0,3,3,1
O2025-011908,C037,clínica,6/16/2025 8:56,rápido,0,1,2,3,2
O2025-011909,C009,hotel,6/16/2025 9:06,normal,0,0,4,4,1
O2025-011910,C084,gimnasio,6/16/2025 9:14,normal,11,0,0,11,1
O2025-011911,C109,restaurante,6/16/2025 9:15,rápido,0,1,0,1,1
O2025-011912,C017,hotel,6/16/2025 9:24,normal,0,0,7,7,1
O2025-011913,C059,clínica,6/16/2025 9:29,normal,0,1,3,4,2
O2025-011914,C050,clínica,6/16/2025 9:31,rápido,0,0,2,2,1
O2025-011915,C007,hotel,6/16/2025 9:34,rápido,0,0,14,14,1
O2025-011916,C153,restaurante,6/16/2025 9:37,rápido,0,1,1,2,2
O2025-011917,C009,hotel,6/16/2025 9:42,normal,0,0,11,11,1
O2025-011918,C056,clínica,6/16/2025 9:49,normal,2,2,7,11,3
O2025-011919,C106,restaurante,6/16/2025 10:21,normal,0,1,2,3,2
O2025-011920,C070,gimnasio,6/16/2025 11:46,normal,0,4,0,4,1
O2025-011921,C080,gimnasio,6/16/2025 12:03,normal,1,2,1,4,3
O2025-011922,C006,hotel,6/16/2025 12:11,normal,0,0,8,8,1
O2025-011923,C038,clínica,6/16/2025 12:28,normal,0,2,2,4,2
O2025-011924,C016,hotel,6/16/2025 12:32,normal,0,0,5,5,1
O2025-011925,C008,hotel,6/16/2025 12:37,rápido,0,0,4,4,1
O2025-011926,C005,hotel,6/16/2025 12:58,normal,0,0,3,3,1
O2025-011927,C099,gimnasio,6/16/2025 13:10,normal,0,1,1,2,2
O2025-011928,C006,hotel,6/16/2025 13:20,normal,0,0,3,3,1
O2025-011929,C016,hotel,6/16/2025 13:39,normal,0,0,15,15,1
O2025-011930,C009,hotel,6/16/2025 13:41,normal,0,0,3,3,1
O2025-011931,C032,clínica,6/16/2025 13:48,normal,0,0,8,8,1
O2025-011932,C087,gimnasio,6/16/2025 14:13,normal,0,4,1,5,2
O2025-011933,C024,hotel,6/16/2025 14:15,normal,0,0,12,12,1
O2025-011934,C022,hotel,6/16/2025 14:17,normal,0,0,4,4,1
O2025-011935,C008,hotel,6/16/2025 14:30,normal,0,0,7,7,1
O2025-011936,C038,clínica,6/16/2025 14:47,rápido,0,0,4,4,1
O2025-011937,C032,clínica,6/16/2025 15:00,normal,0,0,8,8,1
O2025-011938,C076,gimnasio,6/16/2025 15:01,normal,0,0,2,2,1
O2025-011939,C009,hotel,6/16/2025 15:06,normal,0,0,17,17,1
O2025-011940,C046,clínica,6/16/2025 15:06,normal,0,0,3,3,1
O2025-011941,C052,clínica,6/16/2025 15:13,rápido,0,0,2,2,1
O2025-011942,C038,clínica,6/16/2025 15:27,normal,0,0,2,2,1
O2025-011943,C017,hotel,6/16/2025 15:54,normal,0,0,4,4,1
O2025-011944,C057,clínica,6/16/2025 16:07,normal,0,0,2,2,1
O2025-011945,C056,clínica,6/16/2025 16:08,normal,0,0,4,4,1
O2025-011946,C065,clínica,6/16/2025 16:21,normal,0,5,0,5,1
O2025-011947,C029,hotel,6/16/2025 17:26,normal,0,0,6,6,1
O2025-011948,C050,clínica,6/16/2025 18:22,normal,1,0,5,6,2
O2025-011949,C005,hotel,6/16/2025 18:25,normal,0,2,8,10,2
O2025-011950,C104,gimnasio,6/16/2025 18:27,normal,0,1,0,1,1
O2025-011951,C095,gimnasio,6/16/2025 18:28,rápido,0,0,1,1,1
O2025-011952,C013,hotel,6/16/2025 18:46,normal,0,0,7,7,1
O2025-011953,C105,gimnasio,6/16/2025 18:48,normal,0,3,2,5,2
O2025-011954,C003,hotel,6/16/2025 18:52,normal,0,0,6,6,1
O2025-011955,C159,restaurante,6/16/2025 19:46,normal,0,1,1,2,2
O2025-011956,C028,hotel,6/16/2025 19:48,normal,0,0,7,7,1
O2025-011957,C009,hotel,6/16/2025 20:24,normal,0,0,7,7,1
O2025-011958,C117,restaurante,6/16/2025 20:29,normal,0,3,0,3,1
O2025-011959,C159,restaurante,6/16/2025 20:40,rápido,0,1,0,1,1
O2025-011960,C147,restaurante,6/16/2025 21:18,normal,0,0,3,3,1
O2025-011961,C145,restaurante,6/16/2025 21:21,normal,0,3,0,3,1
O2025-011962,C136,restaurante,6/16/2025 21:29,rápido,0,3,0,3,1
O2025-011963,C067,gimnasio,6/17/2025 6:52,rápido,0,2,0,2,1
O2025-011964,C014,hotel,6/17/2025 7:17,normal,0,0,4,4,1
O2025-011965,C008,hotel,6/17/2025 7:17,normal,0,0,5,5,1
O2025-011966,C125,restaurante,6/17/2025 7:23,normal,1,0,4,5,2
O2025-011967,C069,gimnasio,6/17/2025 7:27,normal,0,4,0,4,1
O2025-011968,C035,clínica,6/17/2025 8:11,rápido,0,0,2,2,1
O2025-011969,C018,hotel,6/17/2025 8:17,rápido,1,0,2,3,2
O2025-011970,C003,hotel,6/17/2025 8:28,normal,0,0,8,8,1
O2025-011971,C021,hotel,6/17/2025 8:29,normal,0,0,7,7,1
O2025-011972,C018,hotel,6/17/2025 8:31,normal,0,1,5,6,2
O2025-011973,C019,hotel,6/17/2025 8:38,normal,0,0,4,4,1
O2025-011974,C041,clínica,6/17/2025 8:47,normal,1,0,4,5,2
O2025-011975,C012,hotel,6/17/2025 8:48,normal,0,0,4,4,1
O2025-011976,C149,restaurante,6/17/2025 8:51,normal,0,1,1,2,2
O2025-011977,C002,hotel,6/17/2025 8:52,normal,1,0,3,4,2
O2025-011978,C148,restaurante,6/17/2025 8:59,normal,1,1,1,3,3
O2025-011979,C023,hotel,6/17/2025 8:59,normal,1,0,4,5,2
O2025-011980,C011,hotel,6/17/2025 9:02,normal,0,0,3,3,1
O2025-011981,C043,clínica,6/17/2025 9:04,normal,0,2,2,4,2
O2025-011982,C061,clínica,6/17/2025 9:08,normal,0,0,5,5,1
O2025-011983,C072,gimnasio,6/17/2025 9:13,normal,0,2,0,2,1
O2025-011984,C046,clínica,6/17/2025 9:20,rápido,0,1,1,2,2
O2025-011985,C065,clínica,6/17/2025 9:33,normal,0,6,0,6,1
O2025-011986,C005,hotel,6/17/2025 9:34,normal,0,0,3,3,1
O2025-011987,C064,clínica,6/17/2025 11:14,normal,0,5,0,5,1
O2025-011988,C032,clínica,6/17/2025 11:24,normal,0,0,11,11,1
O2025-011989,C043,clínica,6/17/2025 11:42,normal,1,3,7,11,3
O2025-011990,C150,restaurante,6/17/2025 12:52,normal,0,3,0,3,1
O2025-011991,C151,restaurante,6/17/2025 13:09,rápido,0,0,1,1,1
O2025-011992,C074,gimnasio,6/17/2025 13:13,normal,0,1,0,1,1
O2025-011993,C101,gimnasio,6/17/2025 13:13,rápido,0,1,1,2,2
O2025-011994,C027,hotel,6/17/2025 13:35,normal,0,0,4,4,1
O2025-011995,C065,clínica,6/17/2025 13:39,normal,7,0,0,7,1
O2025-011996,C084,gimnasio,6/17/2025 13:43,normal,4,0,8,12,2
O2025-011997,C013,hotel,6/17/2025 13:50,normal,0,0,7,7,1
O2025-011998,C020,hotel,6/17/2025 13:56,normal,0,0,18,18,1
O2025-011999,C019,hotel,6/17/2025 13:56,normal,0,1,3,4,2
O2025-012000,C091,gimnasio,6/17/2025 13:58,normal,2,4,0,6,2
O2025-012001,C046,clínica,6/17/2025 14:01,rápido,0,0,2,2,1
O2025-012002,C009,hotel,6/17/2025 14:06,normal,0,0,3,3,1
O2025-012003,C033,clínica,6/17/2025 14:06,rápido,0,1,2,3,2
O2025-012004,C139,restaurante,6/17/2025 14:24,normal,0,1,1,2,2
O2025-012005,C029,hotel,6/17/2025 14:42,normal,0,0,8,8,1
O2025-012006,C053,clínica,6/17/2025 14:47,normal,0,0,4,4,1
O2025-012007,C035,clínica,6/17/2025 14:53,normal,0,0,7,7,1
O2025-012008,C109,restaurante,6/17/2025 15:03,rápido,0,1,1,2,2
O2025-012009,C058,clínica,6/17/2025 15:09,rápido,0,0,3,3,1
O2025-012010,C130,restaurante,6/17/2025 15:25,normal,0,3,0,3,1
O2025-012011,C056,clínica,6/17/2025 15:39,normal,0,0,6,6,1
O2025-012012,C010,hotel,6/17/2025 15:41,normal,0,0,5,5,1
O2025-012013,C050,clínica,6/17/2025 15:45,normal,0,0,6,6,1
O2025-012014,C137,restaurante,6/17/2025 15:49,rápido,0,0,1,1,1
O2025-012015,C047,clínica,6/17/2025 16:33,normal,0,1,10,11,2
O2025-012016,C032,clínica,6/17/2025 16:59,normal,0,3,8,11,2
O2025-012017,C047,clínica,6/17/2025 17:12,normal,1,0,5,6,2
O2025-012018,C031,clínica,6/17/2025 17:14,rápido,0,3,3,6,2
O2025-012019,C052,clínica,6/17/2025 17:18,normal,0,1,2,3,2
O2025-012020,C063,clínica,6/17/2025 17:36,normal,0,0,8,8,1
O2025-012021,C011,hotel,6/17/2025 17:52,normal,0,1,2,3,2
O2025-012022,C025,hotel,6/17/2025 17:58,normal,0,1,8,9,2
O2025-012023,C040,clínica,6/17/2025 18:08,normal,0,0,5,5,1
O2025-012024,C089,gimnasio,6/17/2025 18:16,normal,1,5,0,6,2
O2025-012025,C103,gimnasio,6/17/2025 18:26,normal,0,3,0,3,1
O2025-012026,C050,clínica,6/17/2025 18:32,normal,0,0,5,5,1
O2025-012027,C020,hotel,6/17/2025 18:35,normal,1,0,2,3,2
O2025-012028,C024,hotel,6/17/2025 18:49,rápido,1,0,5,6,2
O2025-012029,C076,gimnasio,6/17/2025 19:09,normal,0,1,1,2,2
O2025-012030,C077,gimnasio,6/17/2025 19:38,normal,1,4,0,5,2
O2025-012031,C010,hotel,6/17/2025 19:40,normal,0,0,4,4,1
O2025-012032,C019,hotel,6/17/2025 19:50,normal,1,0,2,3,2
O2025-012033,C107,restaurante,6/17/2025 20:20,normal,0,1,0,1,1
O2025-012034,C155,restaurante,6/17/2025 21:52,normal,0,0,2,2,1
O2025-012035,C024,hotel,6/18/2025 5:56,normal,0,2,5,7,2
O2025-012036,C085,gimnasio,6/18/2025 6:29,normal,0,0,2,2,1
O2025-012037,C018,hotel,6/18/2025 7:09,normal,1,1,2,4,3
O2025-012038,C028,hotel,6/18/2025 7:43,normal,1,0,7,8,2
O2025-012039,C121,restaurante,6/18/2025 7:57,normal,0,3,2,5,2
O2025-012040,C008,hotel,6/18/2025 8:30,normal,0,0,3,3,1
O2025-012041,C093,gimnasio,6/18/2025 8:38,normal,0,2,0,2,1
O2025-012042,C030,hotel,6/18/2025 8:48,rápido,0,1,1,2,2
O2025-012043,C022,hotel,6/18/2025 8:50,normal,1,0,4,5,2
O2025-012044,C008,hotel,6/18/2025 8:53,normal,0,0,2,2,1
O2025-012045,C044,clínica,6/18/2025 9:00,normal,0,2,7,9,2
O2025-012046,C021,hotel,6/18/2025 9:01,normal,0,0,6,6,1
O2025-012047,C052,clínica,6/18/2025 9:02,normal,1,0,4,5,2
O2025-012048,C106,restaurante,6/18/2025 9:08,normal,1,3,0,4,2
O2025-012049,C004,hotel,6/18/2025 9:12,normal,0,0,5,5,1
O2025-012050,C136,restaurante,6/18/2025 9:18,normal,0,0,2,2,1
O2025-012051,C044,clínica,6/18/2025 9:20,normal,0,0,2,2,1
O2025-012052,C140,restaurante,6/18/2025 9:25,rápido,0,0,2,2,1
O2025-012053,C106,restaurante,6/18/2025 9:35,normal,0,0,2,2,1
O2025-012054,C021,hotel,6/18/2025 9:35,normal,0,4,4,8,2
O2025-012055,C148,restaurante,6/18/2025 9:46,normal,0,0,1,1,1
O2025-012056,C062,clínica,6/18/2025 9:50,normal,0,0,5,5,1
O2025-012057,C064,clínica,6/18/2025 9:54,normal,0,0,16,16,1
O2025-012058,C055,clínica,6/18/2025 9:57,rápido,0,1,1,2,2
O2025-012059,C031,clínica,6/18/2025 10:18,rápido,0,2,3,5,2
O2025-012060,C040,clínica,6/18/2025 10:28,normal,0,1,4,5,2
O2025-012061,C037,clínica,6/18/2025 10:44,normal,0,0,5,5,1
O2025-012062,C001,hotel,6/18/2025 10:44,normal,0,0,11,11,1
O2025-012063,C065,clínica,6/18/2025 10:51,rápido,0,5,0,5,1
O2025-012064,C074,gimnasio,6/18/2025 11:26,normal,0,4,0,4,1
O2025-012065,C105,gimnasio,6/18/2025 12:30,normal,0,3,2,5,2
O2025-012066,C007,hotel,6/18/2025 13:05,rápido,0,0,7,7,1
O2025-012067,C070,gimnasio,6/18/2025 13:20,rápido,0,2,4,6,2
O2025-012068,C068,gimnasio,6/18/2025 13:29,normal,0,0,2,2,1
O2025-012069,C059,clínica,6/18/2025 13:55,normal,0,1,2,3,2
O2025-012070,C079,gimnasio,6/18/2025 14:23,normal,1,3,0,4,2
O2025-012071,C010,hotel,6/18/2025 14:33,normal,1,0,3,4,2
O2025-012072,C114,restaurante,6/18/2025 14:36,normal,1,1,1,3,3
O2025-012073,C003,hotel,6/18/2025 14:37,normal,0,2,5,7,2
O2025-012074,C083,gimnasio,6/18/2025 14:39,normal,1,1,2,4,3
O2025-012075,C122,restaurante,6/18/2025 14:39,rápido,0,1,1,2,2
O2025-012076,C146,restaurante,6/18/2025 14:41,normal,0,0,1,1,1
O2025-012077,C030,hotel,6/18/2025 14:42,normal,1,1,4,6,3
O2025-012078,C001,hotel,6/18/2025 14:48,normal,0,0,4,4,1
O2025-012079,C022,hotel,6/18/2025 14:49,normal,0,0,2,2,1
O2025-012080,C106,restaurante,6/18/2025 14:56,normal,0,2,0,2,1
O2025-012081,C060,clínica,6/18/2025 15:05,rápido,0,2,4,6,2
O2025-012082,C063,clínica,6/18/2025 15:31,normal,0,1,3,4,2
O2025-012083,C005,hotel,6/18/2025 15:42,normal,0,1,3,4,2
O2025-012084,C052,clínica,6/18/2025 15:55,normal,0,1,4,5,2
O2025-012085,C017,hotel,6/18/2025 15:57,normal,0,0,10,10,1
O2025-012086,C029,hotel,6/18/2025 16:09,normal,0,0,5,5,1
O2025-012087,C010,hotel,6/18/2025 16:18,normal,0,1,4,5,2
O2025-012088,C003,hotel,6/18/2025 16:51,normal,0,0,19,19,1
O2025-012089,C050,clínica,6/18/2025 16:55,normal,0,0,3,3,1
O2025-012090,C013,hotel,6/18/2025 17:11,normal,0,0,7,7,1
O2025-012091,C009,hotel,6/18/2025 17:23,normal,0,0,9,9,1
O2025-012092,C100,gimnasio,6/18/2025 17:46,normal,0,0,2,2,1
O2025-012093,C050,clínica,6/18/2025 17:53,normal,0,0,4,4,1
O2025-012094,C028,hotel,6/18/2025 17:58,normal,0,0,5,5,1
O2025-012095,C011,hotel,6/18/2025 18:22,normal,0,1,3,4,2
O2025-012096,C017,hotel,6/18/2025 18:25,normal,0,0,4,4,1
O2025-012097,C050,clínica,6/18/2025 18:31,normal,1,0,2,3,2
O2025-012098,C053,clínica,6/18/2025 18:49,normal,1,0,3,4,2
O2025-012099,C010,hotel,6/18/2025 18:58,normal,1,1,8,10,3
O2025-012100,C095,gimnasio,6/18/2025 19:11,normal,0,1,2,3,2
O2025-012101,C016,hotel,6/18/2025 19:19,normal,0,0,8,8,1
O2025-012102,C087,gimnasio,6/18/2025 19:41,normal,0,2,0,2,1
O2025-012103,C099,gimnasio,6/18/2025 19:49,normal,0,1,1,2,2
O2025-012104,C084,gimnasio,6/18/2025 20:41,normal,0,4,2,6,2
O2025-012105,C154,restaurante,6/18/2025 21:28,normal,0,2,0,2,1
O2025-012106,C127,restaurante,6/18/2025 21:37,normal,2,0,0,2,1
O2025-012107,C107,restaurante,6/18/2025 21:47,normal,0,2,1,3,2
O2025-012108,C145,restaurante,6/18/2025 22:10,normal,0,2,1,3,2
O2025-012109,C090,gimnasio,6/19/2025 6:19,normal,0,1,3,4,2
O2025-012110,C012,hotel,6/19/2025 6:50,normal,0,0,6,6,1
O2025-012111,C029,hotel,6/19/2025 7:05,normal,0,2,10,12,2
O2025-012112,C142,restaurante,6/19/2025 7:46,rápido,0,1,0,1,1
O2025-012113,C040,clínica,6/19/2025 8:00,normal,0,1,3,4,2
O2025-012114,C018,hotel,6/19/2025 8:22,normal,0,1,2,3,2
O2025-012115,C051,clínica,6/19/2025 8:23,normal,0,0,6,6,1
O2025-012116,C010,hotel,6/19/2025 8:23,rápido,0,0,6,6,1
O2025-012117,C021,hotel,6/19/2025 8:24,normal,0,0,11,11,1
O2025-012118,C013,hotel,6/19/2025 8:25,normal,0,0,5,5,1
O2025-012119,C002,hotel,6/19/2025 8:41,normal,0,1,3,4,2
O2025-012120,C126,restaurante,6/19/2025 8:50,normal,1,2,1,4,3
O2025-012121,C022,hotel,6/19/2025 8:59,normal,0,0,4,4,1
O2025-012122,C151,restaurante,6/19/2025 9:03,rápido,1,0,1,2,2
O2025-012123,C155,restaurante,6/19/2025 9:08,normal,0,0,3,3,1
O2025-012124,C133,restaurante,6/19/2025 9:09,rápido,0,1,1,2,2
O2025-012125,C059,clínica,6/19/2025 9:14,normal,1,4,0,5,2
O2025-012126,C040,clínica,6/19/2025 9:21,normal,0,0,5,5,1
O2025-012127,C153,restaurante,6/19/2025 9:27,normal,0,0,3,3,1
O2025-012128,C038,clínica,6/19/2025 9:31,normal,0,0,4,4,1
O2025-012129,C011,hotel,6/19/2025 9:34,normal,0,1,7,8,2
O2025-012130,C014,hotel,6/19/2025 9:36,normal,0,1,3,4,2
O2025-012131,C061,clínica,6/19/2025 9:40,normal,3,0,0,3,1
O2025-012132,C045,clínica,6/19/2025 9:40,normal,0,1,1,2,2
O2025-012133,C040,clínica,6/19/2025 9:42,normal,1,1,4,6,3
O2025-012134,C036,clínica,6/19/2025 9:49,normal,0,1,1,2,2
O2025-012135,C043,clínica,6/19/2025 9:49,normal,0,0,8,8,1
O2025-012136,C013,hotel,6/19/2025 9:57,rápido,0,0,6,6,1
O2025-012137,C058,clínica,6/19/2025 10:00,rápido,0,0,3,3,1
O2025-012138,C118,restaurante,6/19/2025 10:02,normal,1,0,2,3,2
O2025-012139,C055,clínica,6/19/2025 10:10,normal,0,2,2,4,2
O2025-012140,C065,clínica,6/19/2025 10:14,normal,0,2,4,6,2
O2025-012141,C057,clínica,6/19/2025 10:36,normal,0,1,4,5,2
O2025-012142,C059,clínica,6/19/2025 11:20,normal,0,0,7,7,1
O2025-012143,C049,clínica,6/19/2025 11:22,normal,0,2,2,4,2
O2025-012144,C070,gimnasio,6/19/2025 11:37,normal,0,1,2,3,2
O2025-012145,C010,hotel,6/19/2025 12:21,normal,0,0,8,8,1
O2025-012146,C155,restaurante,6/19/2025 13:15,normal,0,0,2,2,1
O2025-012147,C087,gimnasio,6/19/2025 13:21,normal,0,3,2,5,2
O2025-012148,C070,gimnasio,6/19/2025 13:28,normal,1,1,3,5,3
O2025-012149,C079,gimnasio,6/19/2025 13:30,normal,0,0,3,3,1
O2025-012150,C008,hotel,6/19/2025 13:35,normal,0,0,4,4,1
O2025-012151,C026,hotel,6/19/2025 13:38,normal,0,0,32,32,1
O2025-012152,C075,gimnasio,6/19/2025 13:39,normal,0,3,0,3,1
O2025-012153,C003,hotel,6/19/2025 14:25,normal,1,0,9,10,2
O2025-012154,C127,restaurante,6/19/2025 14:27,rápido,0,1,1,2,2
O2025-012155,C008,hotel,6/19/2025 14:27,normal,0,0,5,5,1
O2025-012156,C103,gimnasio,6/19/2025 14:36,normal,0,1,0,1,1
O2025-012157,C008,hotel,6/19/2025 14:40,rápido,0,0,1,1,1
O2025-012158,C002,hotel,6/19/2025 14:42,rápido,0,0,2,2,1
O2025-012159,C042,clínica,6/19/2025 14:45,normal,0,0,3,3,1
O2025-012160,C048,clínica,6/19/2025 14:49,normal,0,0,4,4,1
O2025-012161,C014,hotel,6/19/2025 14:53,normal,1,0,4,5,2
O2025-012162,C030,hotel,6/19/2025 15:13,normal,0,0,4,4,1
O2025-012163,C038,clínica,6/19/2025 15:14,rápido,0,0,2,2,1
O2025-012164,C113,restaurante,6/19/2025 15:18,normal,0,0,1,1,1
O2025-012165,C122,restaurante,6/19/2025 15:19,normal,0,1,2,3,2
O2025-012166,C091,gimnasio,6/19/2025 15:28,normal,0,4,0,4,1
O2025-012167,C049,clínica,6/19/2025 15:34,rápido,1,0,5,6,2
O2025-012168,C064,clínica,6/19/2025 15:35,normal,0,2,2,4,2
O2025-012169,C004,hotel,6/19/2025 15:48,normal,0,2,7,9,2
O2025-012170,C144,restaurante,6/19/2025 15:58,normal,0,0,2,2,1
O2025-012171,C016,hotel,6/19/2025 16:07,normal,0,0,6,6,1
O2025-012172,C038,clínica,6/19/2025 16:50,normal,0,1,0,1,1
O2025-012173,C107,restaurante,6/19/2025 17:14,rápido,0,0,3,3,1
O2025-012174,C011,hotel,6/19/2025 17:42,normal,1,0,4,5,2
O2025-012175,C075,gimnasio,6/19/2025 18:06,normal,0,4,0,4,1
O2025-012176,C002,hotel,6/19/2025 18:07,normal,0,0,2,2,1
O2025-012177,C052,clínica,6/19/2025 18:27,normal,0,3,0,3,1
O2025-012178,C023,hotel,6/19/2025 18:35,normal,0,0,15,15,1
O2025-012179,C021,hotel,6/19/2025 18:53,normal,0,0,5,5,1
O2025-012180,C092,gimnasio,6/19/2025 19:07,normal,1,0,1,2,2
O2025-012181,C092,gimnasio,6/19/2025 19:11,normal,0,1,0,1,1
O2025-012182,C103,gimnasio,6/19/2025 19:14,normal,0,0,2,2,1
O2025-012183,C074,gimnasio,6/19/2025 19:16,normal,0,5,0,5,1
O2025-012184,C081,gimnasio,6/19/2025 19:21,normal,0,0,7,7,1
O2025-012185,C099,gimnasio,6/19/2025 20:11,normal,0,0,3,3,1
O2025-012186,C159,restaurante,6/19/2025 21:05,normal,0,1,0,1,1
O2025-012187,C107,restaurante,6/19/2025 21:42,rápido,0,1,0,1,1
O2025-012188,C117,restaurante,6/19/2025 21:44,normal,0,1,0,1,1
O2025-012189,C138,restaurante,6/19/2025 21:46,rápido,0,4,0,4,1
O2025-012190,C002,hotel,6/20/2025 5:30,normal,0,0,9,9,1
O2025-012191,C138,restaurante,6/20/2025 6:10,normal,0,1,1,2,2
O2025-012192,C026,hotel,6/20/2025 6:32,normal,0,0,2,2,1
O2025-012193,C093,gimnasio,6/20/2025 6:55,normal,0,3,0,3,1
O2025-012194,C083,gimnasio,6/20/2025 7:10,normal,0,0,2,2,1
O2025-012195,C084,gimnasio,6/20/2025 7:24,normal,0,4,0,4,1
O2025-012196,C150,restaurante,6/20/2025 7:26,rápido,0,1,1,2,2
O2025-012197,C015,hotel,6/20/2025 7:33,normal,0,0,3,3,1
O2025-012198,C010,hotel,6/20/2025 7:36,normal,0,0,6,6,1
O2025-012199,C067,gimnasio,6/20/2025 7:43,normal,1,0,3,4,2
O2025-012200,C027,hotel,6/20/2025 7:44,normal,1,0,2,3,2
O2025-012201,C027,hotel,6/20/2025 7:49,normal,0,1,3,4,2
O2025-012202,C006,hotel,6/20/2025 7:53,normal,1,0,20,21,2
O2025-012203,C014,hotel,6/20/2025 7:57,rápido,0,0,2,2,1
O2025-012204,C160,restaurante,6/20/2025 8:07,normal,0,1,1,2,2
O2025-012205,C127,restaurante,6/20/2025 8:15,rápido,0,0,1,1,1
O2025-012206,C066,gimnasio,6/20/2025 8:15,normal,0,2,2,4,2
O2025-012207,C107,restaurante,6/20/2025 8:17,normal,1,1,1,3,3
O2025-012208,C013,hotel,6/20/2025 8:17,normal,0,0,9,9,1
O2025-012209,C082,gimnasio,6/20/2025 8:21,normal,2,9,0,11,2
O2025-012210,C008,hotel,6/20/2025 8:22,normal,0,0,3,3,1
O2025-012211,C101,gimnasio,6/20/2025 8:22,normal,0,2,2,4,2
O2025-012212,C029,hotel,6/20/2025 8:31,normal,0,0,5,5,1
O2025-012213,C001,hotel,6/20/2025 8:37,normal,0,0,6,6,1
O2025-012214,C077,gimnasio,6/20/2025 8:44,normal,0,2,0,2,1
O2025-012215,C028,hotel,6/20/2025 8:50,normal,1,0,13,14,2
O2025-012216,C050,clínica,6/20/2025 9:00,normal,0,1,2,3,2
O2025-012217,C008,hotel,6/20/2025 9:21,normal,0,0,3,3,1
O2025-012218,C004,hotel,6/20/2025 9:31,normal,0,0,20,20,1
O2025-012219,C129,restaurante,6/20/2025 9:41,normal,0,1,0,1,1
O2025-012220,C016,hotel,6/20/2025 9:44,normal,0,0,7,7,1
O2025-012221,C018,hotel,6/20/2025 9:49,normal,0,0,10,10,1
O2025-012222,C011,hotel,6/20/2025 9:58,normal,1,1,1,3,3
O2025-012223,C002,hotel,6/20/2025 10:09,normal,0,0,8,8,1
O2025-012224,C130,restaurante,6/20/2025 10:12,normal,0,0,2,2,1
O2025-012225,C058,clínica,6/20/2025 10:18,normal,0,0,3,3,1
O2025-012226,C056,clínica,6/20/2025 10:28,normal,0,0,12,12,1
O2025-012227,C023,hotel,6/20/2025 10:30,normal,0,0,11,11,1
O2025-012228,C043,clínica,6/20/2025 10:35,rápido,0,1,2,3,2
O2025-012229,C053,clínica,6/20/2025 10:43,rápido,0,1,1,2,2
O2025-012230,C143,restaurante,6/20/2025 10:44,rápido,0,0,1,1,1
O2025-012231,C032,clínica,6/20/2025 10:44,normal,0,0,11,11,1
O2025-012232,C094,gimnasio,6/20/2025 12:08,normal,0,2,0,2,1
O2025-012233,C093,gimnasio,6/20/2025 12:11,normal,0,2,1,3,2
O2025-012234,C126,restaurante,6/20/2025 13:03,normal,0,0,2,2,1
O2025-012235,C073,gimnasio,6/20/2025 13:10,normal,1,0,2,3,2
O2025-012236,C088,gimnasio,6/20/2025 13:24,normal,0,2,1,3,2
O2025-012237,C073,gimnasio,6/20/2025 13:29,normal,0,2,3,5,2
O2025-012238,C016,hotel,6/20/2025 13:32,normal,0,0,13,13,1
O2025-012239,C013,hotel,6/20/2025 13:33,normal,0,0,13,13,1
O2025-012240,C022,hotel,6/20/2025 13:34,normal,0,1,2,3,2
O2025-012241,C149,restaurante,6/20/2025 13:38,normal,0,0,3,3,1
O2025-012242,C012,hotel,6/20/2025 13:44,normal,0,0,8,8,1
O2025-012243,C092,gimnasio,6/20/2025 13:45,normal,0,1,1,2,2
O2025-012244,C066,gimnasio,6/20/2025 13:55,normal,0,2,0,2,1
O2025-012245,C012,hotel,6/20/2025 13:58,normal,0,0,7,7,1
O2025-012246,C157,restaurante,6/20/2025 14:27,normal,0,1,2,3,2
O2025-012247,C121,restaurante,6/20/2025 14:42,normal,0,4,4,8,2
O2025-012248,C003,hotel,6/20/2025 14:43,normal,0,0,4,4,1
O2025-012249,C134,restaurante,6/20/2025 15:02,normal,0,2,2,4,2
O2025-012250,C123,restaurante,6/20/2025 15:03,normal,0,1,1,2,2
O2025-012251,C023,hotel,6/20/2025 15:41,normal,0,2,7,9,2
O2025-012252,C010,hotel,6/20/2025 15:58,normal,1,0,11,12,2
O2025-012253,C041,clínica,6/20/2025 16:15,normal,0,0,3,3,1
O2025-012254,C034,clínica,6/20/2025 16:49,normal,0,1,2,3,2
O2025-012255,C028,hotel,6/20/2025 17:04,normal,0,0,5,5,1
O2025-012256,C063,clínica,6/20/2025 17:23,normal,1,1,3,5,3
O2025-012257,C013,hotel,6/20/2025 17:25,normal,0,2,16,18,2
O2025-012258,C019,hotel,6/20/2025 18:11,normal,0,2,6,8,2
O2025-012259,C040,clínica,6/20/2025 18:21,normal,0,0,3,3,1
O2025-012260,C011,hotel,6/20/2025 18:24,normal,0,0,12,12,1
O2025-012261,C011,hotel,6/20/2025 18:50,normal,0,0,3,3,1
O2025-012262,C105,gimnasio,6/20/2025 19:28,normal,0,6,1,7,2
O2025-012263,C089,gimnasio,6/20/2025 19:52,normal,0,6,0,6,1
O2025-012264,C152,restaurante,6/20/2025 20:28,rápido,0,0,1,1,1
O2025-012265,C083,gimnasio,6/20/2025 20:58,normal,0,0,2,2,1
O2025-012266,C158,restaurante,6/20/2025 21:10,normal,0,0,1,1,1
O2025-012267,C144,restaurante,6/20/2025 21:14,normal,0,1,2,3,2
O2025-012268,C086,gimnasio,6/21/2025 6:51,normal,1,0,2,3,2
O2025-012269,C100,gimnasio,6/21/2025 7:16,normal,0,4,0,4,1
O2025-012270,C014,hotel,6/21/2025 7:24,normal,0,0,8,8,1
O2025-012271,C013,hotel,6/21/2025 7:33,normal,0,0,8,8,1
O2025-012272,C119,restaurante,6/21/2025 7:35,normal,0,0,3,3,1
O2025-012273,C004,hotel,6/21/2025 8:04,normal,0,0,8,8,1
O2025-012274,C149,restaurante,6/21/2025 8:10,normal,0,0,3,3,1
O2025-012275,C002,hotel,6/21/2025 8:30,normal,1,0,3,4,2
O2025-012276,C074,gimnasio,6/21/2025 8:57,normal,0,4,0,4,1
O2025-012277,C004,hotel,6/21/2025 9:04,normal,0,0,11,11,1
O2025-012278,C016,hotel,6/21/2025 9:07,normal,0,0,5,5,1
O2025-012279,C021,hotel,6/21/2025 9:09,normal,0,1,3,4,2
O2025-012280,C130,restaurante,6/21/2025 9:13,normal,0,3,2,5,2
O2025-012281,C121,restaurante,6/21/2025 9:21,normal,0,4,1,5,2
O2025-012282,C047,clínica,6/21/2025 9:35,normal,0,0,2,2,1
O2025-012283,C007,hotel,6/21/2025 9:43,normal,2,0,15,17,2
O2025-012284,C010,hotel,6/21/2025 9:52,normal,0,1,10,11,2
O2025-012285,C024,hotel,6/21/2025 10:05,normal,0,6,0,6,1
O2025-012286,C107,restaurante,6/21/2025 10:42,normal,0,1,1,2,2
O2025-012287,C083,gimnasio,6/21/2025 10:53,normal,0,2,1,3,2
O2025-012288,C132,restaurante,6/21/2025 11:13,normal,1,1,2,4,3
O2025-012289,C084,gimnasio,6/21/2025 11:28,normal,9,0,0,9,1
O2025-012290,C074,gimnasio,6/21/2025 11:29,normal,0,3,0,3,1
O2025-012291,C068,gimnasio,6/21/2025 11:42,normal,0,0,2,2,1
O2025-012292,C019,hotel,6/21/2025 11:53,normal,0,2,4,6,2
O2025-012293,C087,gimnasio,6/21/2025 12:26,normal,0,2,1,3,2
O2025-012294,C004,hotel,6/21/2025 12:54,normal,0,0,8,8,1
O2025-012295,C010,hotel,6/21/2025 13:10,normal,0,0,7,7,1
O2025-012296,C141,restaurante,6/21/2025 13:14,normal,0,1,1,2,2
O2025-012297,C073,gimnasio,6/21/2025 13:38,normal,0,0,2,2,1
O2025-012298,C004,hotel,6/21/2025 13:38,normal,0,0,4,4,1
O2025-012299,C101,gimnasio,6/21/2025 13:40,normal,0,2,0,2,1
O2025-012300,C005,hotel,6/21/2025 14:01,normal,0,0,3,3,1
O2025-012301,C119,restaurante,6/21/2025 14:05,normal,0,3,3,6,2
O2025-012302,C010,hotel,6/21/2025 14:13,normal,1,0,4,5,2
O2025-012303,C021,hotel,6/21/2025 14:15,normal,0,0,3,3,1
O2025-012304,C158,restaurante,6/21/2025 14:27,normal,1,1,1,3,3
O2025-012305,C028,hotel,6/21/2025 14:32,normal,0,0,6,6,1
O2025-012306,C005,hotel,6/21/2025 14:45,normal,0,0,4,4,1
O2025-012307,C030,hotel,6/21/2025 14:47,normal,0,1,3,4,2
O2025-012308,C016,hotel,6/21/2025 15:01,normal,0,0,9,9,1
O2025-012309,C027,hotel,6/21/2025 15:04,normal,0,0,6,6,1
O2025-012310,C029,hotel,6/21/2025 15:08,normal,0,1,4,5,2
O2025-012311,C157,restaurante,6/21/2025 15:40,normal,1,1,2,4,3
O2025-012312,C013,hotel,6/21/2025 15:48,normal,0,0,9,9,1
O2025-012313,C011,hotel,6/21/2025 15:50,normal,0,0,15,15,1
O2025-012314,C024,hotel,6/21/2025 17:47,normal,0,2,6,8,2
O2025-012315,C014,hotel,6/21/2025 17:49,normal,1,0,2,3,2
O2025-012316,C004,hotel,6/21/2025 17:55,normal,0,0,6,6,1
O2025-012317,C020,hotel,6/21/2025 18:57,normal,3,0,7,10,2
O2025-012318,C020,hotel,6/21/2025 19:18,normal,0,1,5,6,2
O2025-012319,C002,hotel,6/21/2025 19:20,normal,1,0,11,12,2
O2025-012320,C076,gimnasio,6/21/2025 19:23,normal,2,0,0,2,1
O2025-012321,C119,restaurante,6/21/2025 20:00,normal,0,0,6,6,1
O2025-012322,C139,restaurante,6/21/2025 20:37,normal,0,0,1,1,1
O2025-012323,C116,restaurante,6/21/2025 21:28,rápido,1,0,0,1,1
O2025-012324,C141,restaurante,6/21/2025 21:30,normal,0,1,1,2,2
O2025-012325,C128,restaurante,6/21/2025 21:34,normal,0,1,1,2,2
O2025-012326,C141,restaurante,6/21/2025 22:10,rápido,0,0,1,1,1
O2025-012327,C105,gimnasio,6/22/2025 5:33,normal,0,5,3,8,2
O2025-012328,C020,hotel,6/22/2025 6:05,normal,2,0,5,7,2
O2025-012329,C148,restaurante,6/22/2025 7:11,normal,0,0,2,2,1
O2025-012330,C002,hotel,6/22/2025 7:29,normal,0,0,3,3,1
O2025-012331,C022,hotel,6/22/2025 7:35,normal,0,0,5,5,1
O2025-012332,C011,hotel,6/22/2025 8:28,normal,0,0,4,4,1
O2025-012333,C024,hotel,6/22/2025 8:33,normal,0,0,4,4,1
O2025-012334,C005,hotel,6/22/2025 8:36,normal,0,4,0,4,1
O2025-012335,C024,hotel,6/22/2025 8:43,normal,1,1,10,12,3
O2025-012336,C017,hotel,6/22/2025 8:47,normal,0,0,19,19,1
O2025-012337,C024,hotel,6/22/2025 8:52,normal,1,0,7,8,2
O2025-012338,C047,clínica,6/22/2025 8:58,normal,0,5,9,14,2
O2025-012339,C109,restaurante,6/22/2025 9:00,normal,0,1,1,2,2
O2025-012340,C110,restaurante,6/22/2025 9:22,normal,0,0,1,1,1
O2025-012341,C008,hotel,6/22/2025 9:23,normal,0,1,4,5,2
O2025-012342,C028,hotel,6/22/2025 9:25,normal,0,0,15,15,1
O2025-012343,C030,hotel,6/22/2025 9:29,normal,0,0,2,2,1
O2025-012344,C011,hotel,6/22/2025 9:43,normal,0,0,10,10,1
O2025-012345,C014,hotel,6/22/2025 9:53,normal,0,0,4,4,1
O2025-012346,C010,hotel,6/22/2025 11:00,normal,0,1,5,6,2
O2025-012347,C070,gimnasio,6/22/2025 11:55,normal,0,3,0,3,1
O2025-012348,C015,hotel,6/22/2025 12:52,normal,1,0,2,3,2
O2025-012349,C099,gimnasio,6/22/2025 13:15,normal,0,2,1,3,2
O2025-012350,C076,gimnasio,6/22/2025 13:17,normal,1,2,1,4,3
O2025-012351,C123,restaurante,6/22/2025 13:28,normal,0,2,2,4,2
O2025-012352,C067,gimnasio,6/22/2025 13:36,normal,0,1,2,3,2
O2025-012353,C079,gimnasio,6/22/2025 13:55,normal,0,3,0,3,1
O2025-012354,C019,hotel,6/22/2025 13:59,normal,0,0,6,6,1
O2025-012355,C017,hotel,6/22/2025 14:11,normal,0,0,12,12,1
O2025-012356,C012,hotel,6/22/2025 14:29,normal,0,2,9,11,2
O2025-012357,C143,restaurante,6/22/2025 14:49,normal,0,2,0,2,1
O2025-012358,C112,restaurante,6/22/2025 14:51,normal,0,1,1,2,2
O2025-012359,C100,gimnasio,6/22/2025 14:53,normal,2,0,0,2,1
O2025-012360,C009,hotel,6/22/2025 15:14,normal,0,1,6,7,2
O2025-012361,C011,hotel,6/22/2025 17:05,normal,0,1,4,5,2
O2025-012362,C010,hotel,6/22/2025 17:09,normal,0,0,11,11,1
O2025-012363,C010,hotel,6/22/2025 17:16,normal,0,0,6,6,1
O2025-012364,C018,hotel,6/22/2025 18:33,normal,1,1,1,3,3
O2025-012365,C158,restaurante,6/22/2025 18:41,normal,0,4,0,4,1
O2025-012366,C079,gimnasio,6/22/2025 19:04,normal,0,1,0,1,1
O2025-012367,C005,hotel,6/22/2025 19:06,normal,0,0,11,11,1
O2025-012368,C074,gimnasio,6/22/2025 19:22,normal,0,6,0,6,1
O2025-012369,C076,gimnasio,6/22/2025 20:14,normal,0,0,3,3,1
O2025-012370,C130,restaurante,6/22/2025 20:20,normal,0,1,1,2,2
O2025-012371,C154,restaurante,6/22/2025 21:38,normal,0,2,2,4,2
O2025-012372,C148,restaurante,6/22/2025 22:50,normal,0,0,3,3,1
O2025-012373,C104,gimnasio,6/23/2025 6:17,normal,0,1,0,1,1
O2025-012374,C005,hotel,6/23/2025 6:21,normal,0,0,5,5,1
O2025-012375,C103,gimnasio,6/23/2025 6:57,normal,0,1,0,1,1
O2025-012376,C104,gimnasio,6/23/2025 6:58,normal,1,3,0,4,2
O2025-012377,C104,gimnasio,6/23/2025 7:09,normal,0,6,0,6,1
O2025-012378,C093,gimnasio,6/23/2025 7:15,normal,1,5,0,6,2
O2025-012379,C097,gimnasio,6/23/2025 7:33,normal,0,0,14,14,1
O2025-012380,C119,restaurante,6/23/2025 7:38,rápido,1,0,2,3,2
O2025-012381,C003,hotel,6/23/2025 7:41,normal,0,0,10,10,1
O2025-012382,C074,gimnasio,6/23/2025 7:42,normal,0,2,0,2,1
O2025-012383,C004,hotel,6/23/2025 7:44,normal,0,0,15,15,1
O2025-012384,C009,hotel,6/23/2025 7:48,normal,0,0,8,8,1
O2025-012385,C065,clínica,6/23/2025 8:05,normal,0,8,0,8,1
O2025-012386,C011,hotel,6/23/2025 8:26,normal,0,0,3,3,1
O2025-012387,C052,clínica,6/23/2025 8:34,normal,0,1,2,3,2
O2025-012388,C024,hotel,6/23/2025 8:35,normal,0,0,18,18,1
O2025-012389,C082,gimnasio,6/23/2025 8:37,rápido,0,3,0,3,1
O2025-012390,C016,hotel,6/23/2025 8:44,normal,0,0,4,4,1
O2025-012391,C092,gimnasio,6/23/2025 8:44,normal,0,1,0,1,1
O2025-012392,C022,hotel,6/23/2025 8:54,normal,1,0,4,5,2
O2025-012393,C025,hotel,6/23/2025 9:01,normal,0,0,6,6,1
O2025-012394,C052,clínica,6/23/2025 9:05,normal,0,1,2,3,2
O2025-012395,C052,clínica,6/23/2025 9:05,normal,1,0,2,3,2
O2025-012396,C017,hotel,6/23/2025 9:08,normal,0,0,10,10,1
O2025-012397,C031,clínica,6/23/2025 9:10,rápido,0,1,1,2,2
O2025-012398,C031,clínica,6/23/2025 9:11,normal,0,8,0,8,1
O2025-012399,C006,hotel,6/23/2025 9:15,normal,0,0,2,2,1
O2025-012400,C016,hotel,6/23/2025 9:15,normal,0,3,17,20,2
O2025-012401,C111,restaurante,6/23/2025 9:16,normal,0,2,1,3,2
O2025-012402,C020,hotel,6/23/2025 9:24,normal,0,0,4,4,1
O2025-012403,C054,clínica,6/23/2025 9:33,normal,0,0,4,4,1
O2025-012404,C108,restaurante,6/23/2025 9:43,normal,0,2,3,5,2
O2025-012405,C062,clínica,6/23/2025 9:46,normal,0,0,2,2,1
O2025-012406,C056,clínica,6/23/2025 9:52,rápido,0,0,2,2,1
O2025-012407,C026,hotel,6/23/2025 10:13,normal,0,1,4,5,2
O2025-012408,C057,clínica,6/23/2025 10:17,rápido,0,0,3,3,1
O2025-012409,C038,clínica,6/23/2025 10:29,normal,0,1,2,3,2
O2025-012410,C033,clínica,6/23/2025 10:36,normal,0,0,4,4,1
O2025-012411,C038,clínica,6/23/2025 10:37,rápido,0,1,0,1,1
O2025-012412,C001,hotel,6/23/2025 10:41,normal,0,0,8,8,1
O2025-012413,C016,hotel,6/23/2025 10:42,normal,0,0,16,16,1
O2025-012414,C059,clínica,6/23/2025 10:44,rápido,0,0,2,2,1
O2025-012415,C064,clínica,6/23/2025 10:50,normal,0,0,4,4,1
O2025-012416,C059,clínica,6/23/2025 11:01,normal,0,0,4,4,1
O2025-012417,C071,gimnasio,6/23/2025 11:19,normal,0,3,0,3,1
O2025-012418,C086,gimnasio,6/23/2025 11:35,normal,0,4,0,4,1
O2025-012419,C066,gimnasio,6/23/2025 11:52,normal,1,1,1,3,3
O2025-012420,C076,gimnasio,6/23/2025 11:56,normal,1,2,0,3,2
O2025-012421,C057,clínica,6/23/2025 11:59,normal,0,0,5,5,1
O2025-012422,C011,hotel,6/23/2025 12:03,normal,0,0,5,5,1
O2025-012423,C008,hotel,6/23/2025 12:39,normal,1,1,2,4,3
O2025-012424,C030,hotel,6/23/2025 13:02,normal,5,0,0,5,1
O2025-012425,C102,gimnasio,6/23/2025 13:11,normal,0,4,0,4,1
O2025-012426,C101,gimnasio,6/23/2025 13:30,normal,0,1,0,1,1
O2025-012427,C024,hotel,6/23/2025 14:03,normal,0,0,9,9,1
O2025-012428,C106,restaurante,6/23/2025 14:04,rápido,0,1,2,3,2
O2025-012429,C010,hotel,6/23/2025 14:11,normal,0,0,9,9,1
O2025-012430,C018,hotel,6/23/2025 14:42,normal,0,0,2,2,1
O2025-012431,C057,clínica,6/23/2025 14:44,normal,1,0,5,6,2
O2025-012432,C011,hotel,6/23/2025 14:48,normal,1,0,6,7,2
O2025-012433,C052,clínica,6/23/2025 15:01,normal,0,2,3,5,2
O2025-012434,C031,clínica,6/23/2025 15:21,rápido,0,0,3,3,1
O2025-012435,C130,restaurante,6/23/2025 15:44,normal,0,5,0,5,1
O2025-012436,C131,restaurante,6/23/2025 15:48,normal,0,0,3,3,1
O2025-012437,C143,restaurante,6/23/2025 15:49,normal,0,1,2,3,2
O2025-012438,C027,hotel,6/23/2025 15:49,normal,0,0,2,2,1
O2025-012439,C127,restaurante,6/23/2025 16:01,rápido,0,1,1,2,2
O2025-012440,C132,restaurante,6/23/2025 16:17,normal,0,1,1,2,2
O2025-012441,C032,clínica,6/23/2025 16:19,normal,0,0,9,9,1
O2025-012442,C037,clínica,6/23/2025 16:21,normal,0,2,5,7,2
O2025-012443,C004,hotel,6/23/2025 16:56,normal,0,0,6,6,1
O2025-012444,C110,restaurante,6/23/2025 16:59,normal,0,0,2,2,1
O2025-012445,C060,clínica,6/23/2025 17:14,normal,0,0,7,7,1
O2025-012446,C084,gimnasio,6/23/2025 17:19,normal,0,0,8,8,1
O2025-012447,C010,hotel,6/23/2025 17:34,normal,1,0,8,9,2
O2025-012448,C056,clínica,6/23/2025 18:17,normal,0,3,11,14,2
O2025-012449,C019,hotel,6/23/2025 18:21,normal,0,0,6,6,1
O2025-012450,C021,hotel,6/23/2025 18:27,normal,1,1,3,5,3
O2025-012451,C088,gimnasio,6/23/2025 18:42,normal,0,1,0,1,1
O2025-012452,C002,hotel,6/23/2025 19:15,normal,0,1,3,4,2
O2025-012453,C083,gimnasio,6/23/2025 19:20,normal,0,0,2,2,1
O2025-012454,C028,hotel,6/23/2025 19:32,normal,0,0,5,5,1
O2025-012455,C078,gimnasio,6/23/2025 19:45,normal,0,2,2,4,2
O2025-012456,C129,restaurante,6/23/2025 20:57,normal,0,1,0,1,1
O2025-012457,C152,restaurante,6/23/2025 21:28,normal,1,1,1,3,3
O2025-012458,C072,gimnasio,6/24/2025 7:18,normal,0,1,1,2,2
O2025-012459,C005,hotel,6/24/2025 7:18,normal,0,0,3,3,1
O2025-012460,C078,gimnasio,6/24/2025 7:22,normal,0,0,2,2,1
O2025-012461,C068,gimnasio,6/24/2025 7:43,normal,0,0,3,3,1
O2025-012462,C129,restaurante,6/24/2025 7:54,normal,0,1,0,1,1
O2025-012463,C110,restaurante,6/24/2025 7:58,rápido,0,1,1,2,2
O2025-012464,C021,hotel,6/24/2025 8:07,normal,0,0,4,4,1
O2025-012465,C044,clínica,6/24/2025 8:11,normal,0,3,0,3,1
O2025-012466,C099,gimnasio,6/24/2025 8:12,normal,0,2,1,3,2
O2025-012467,C065,clínica,6/24/2025 8:16,normal,0,4,2,6,2
O2025-012468,C074,gimnasio,6/24/2025 8:20,normal,1,2,0,3,2
O2025-012469,C039,clínica,6/24/2025 8:50,normal,0,1,1,2,2
O2025-012470,C047,clínica,6/24/2025 8:50,normal,0,0,8,8,1
O2025-012471,C158,restaurante,6/24/2025 8:52,normal,0,0,2,2,1
O2025-012472,C055,clínica,6/24/2025 8:57,normal,0,0,6,6,1
O2025-012473,C062,clínica,6/24/2025 9:01,normal,0,1,2,3,2
O2025-012474,C012,hotel,6/24/2025 9:01,normal,0,0,4,4,1
O2025-012475,C013,hotel,6/24/2025 9:02,normal,0,0,10,10,1
O2025-012476,C013,hotel,6/24/2025 9:07,normal,0,0,8,8,1
O2025-012477,C047,clínica,6/24/2025 9:10,normal,0,0,3,3,1
O2025-012478,C158,restaurante,6/24/2025 9:14,normal,0,1,0,1,1
O2025-012479,C143,restaurante,6/24/2025 9:18,normal,0,1,1,2,2
O2025-012480,C125,restaurante,6/24/2025 9:22,normal,0,1,1,2,2
O2025-012481,C048,clínica,6/24/2025 9:24,normal,0,2,2,4,2
O2025-012482,C064,clínica,6/24/2025 9:28,normal,0,2,3,5,2
O2025-012483,C029,hotel,6/24/2025 9:29,normal,0,0,3,3,1
O2025-012484,C011,hotel,6/24/2025 9:30,normal,0,0,7,7,1
O2025-012485,C133,restaurante,6/24/2025 9:36,normal,0,0,2,2,1
O2025-012486,C032,clínica,6/24/2025 9:41,rápido,0,0,4,4,1
O2025-012487,C063,clínica,6/24/2025 9:42,normal,0,0,5,5,1
O2025-012488,C014,hotel,6/24/2025 9:43,normal,0,1,4,5,2
O2025-012489,C014,hotel,6/24/2025 9:49,normal,0,0,5,5,1
O2025-012490,C057,clínica,6/24/2025 9:54,normal,0,0,3,3,1
O2025-012491,C074,gimnasio,6/24/2025 9:57,normal,0,5,0,5,1
O2025-012492,C020,hotel,6/24/2025 10:02,normal,1,0,8,9,2
O2025-012493,C019,hotel,6/24/2025 10:06,normal,0,2,5,7,2
O2025-012494,C007,hotel,6/24/2025 10:09,normal,1,0,19,20,2
O2025-012495,C010,hotel,6/24/2025 10:17,normal,0,0,6,6,1
O2025-012496,C036,clínica,6/24/2025 10:25,normal,0,0,4,4,1
O2025-012497,C158,restaurante,6/24/2025 10:40,normal,0,0,1,1,1
O2025-012498,C058,clínica,6/24/2025 10:50,normal,0,1,1,2,2
O2025-012499,C038,clínica,6/24/2025 11:26,normal,0,0,3,3,1
O2025-012500,C083,gimnasio,6/24/2025 11:43,normal,0,2,2,4,2
O2025-012501,C086,gimnasio,6/24/2025 12:07,normal,0,0,4,4,1
O2025-012502,C079,gimnasio,6/24/2025 12:48,normal,0,3,0,3,1
O2025-012503,C070,gimnasio,6/24/2025 12:53,normal,1,3,2,6,3
O2025-012504,C002,hotel,6/24/2025 12:54,normal,0,0,1,1,1
O2025-012505,C010,hotel,6/24/2025 13:35,normal,0,0,4,4,1
O2025-012506,C018,hotel,6/24/2025 13:40,normal,0,0,2,2,1
O2025-012507,C017,hotel,6/24/2025 13:56,normal,0,0,9,9,1
O2025-012508,C070,gimnasio,6/24/2025 14:09,normal,0,4,0,4,1
O2025-012509,C056,clínica,6/24/2025 14:13,normal,1,0,4,5,2
O2025-012510,C141,restaurante,6/24/2025 14:17,normal,0,1,1,2,2
O2025-012511,C060,clínica,6/24/2025 14:26,rápido,0,1,3,4,2
O2025-012512,C020,hotel,6/24/2025 14:30,normal,1,0,4,5,2
O2025-012513,C047,clínica,6/24/2025 14:37,normal,0,0,8,8,1
O2025-012514,C127,restaurante,6/24/2025 14:40,normal,0,0,2,2,1
O2025-012515,C025,hotel,6/24/2025 14:42,normal,0,1,13,14,2
O2025-012516,C019,hotel,6/24/2025 14:44,normal,0,0,4,4,1
O2025-012517,C133,restaurante,6/24/2025 14:50,normal,0,4,0,4,1
O2025-012518,C054,clínica,6/24/2025 14:51,normal,0,0,9,9,1
O2025-012519,C141,restaurante,6/24/2025 15:13,normal,0,0,3,3,1
O2025-012520,C011,hotel,6/24/2025 15:17,normal,0,0,3,3,1
O2025-012521,C063,clínica,6/24/2025 15:31,rápido,0,0,2,2,1
O2025-012522,C056,clínica,6/24/2025 15:34,normal,0,5,7,12,2
O2025-012523,C049,clínica,6/24/2025 15:37,normal,0,0,2,2,1
O2025-012524,C054,clínica,6/24/2025 15:47,normal,0,3,5,8,2
O2025-012525,C153,restaurante,6/24/2025 15:50,normal,0,1,1,2,2
O2025-012526,C025,hotel,6/24/2025 15:51,rápido,0,0,7,7,1
O2025-012527,C043,clínica,6/24/2025 15:58,normal,0,1,2,3,2
O2025-012528,C127,restaurante,6/24/2025 15:59,normal,1,1,1,3,3
O2025-012529,C056,clínica,6/24/2025 16:23,rápido,0,4,5,9,2
O2025-012530,C021,hotel,6/24/2025 16:44,normal,0,0,11,11,1
O2025-012531,C056,clínica,6/24/2025 16:57,normal,0,0,12,12,1
O2025-012532,C025,hotel,6/24/2025 17:29,normal,0,0,5,5,1
O2025-012533,C094,gimnasio,6/24/2025 17:37,normal,0,4,0,4,1
O2025-012534,C102,gimnasio,6/24/2025 17:37,normal,0,1,2,3,2
O2025-012535,C040,clínica,6/24/2025 17:40,rápido,0,1,2,3,2
O2025-012536,C023,hotel,6/24/2025 17:50,normal,0,0,4,4,1
O2025-012537,C053,clínica,6/24/2025 18:05,normal,1,1,2,4,3
O2025-012538,C059,clínica,6/24/2025 18:09,rápido,0,0,3,3,1
O2025-012539,C014,hotel,6/24/2025 18:11,normal,0,0,4,4,1
O2025-012540,C004,hotel,6/24/2025 18:21,normal,2,3,16,21,3
O2025-012541,C056,clínica,6/24/2025 18:22,normal,0,6,0,6,1
O2025-012542,C003,hotel,6/24/2025 18:37,rápido,0,0,13,13,1
O2025-012543,C098,gimnasio,6/24/2025 18:49,normal,0,4,0,4,1
O2025-012544,C053,clínica,6/24/2025 18:52,normal,0,0,3,3,1
O2025-012545,C100,gimnasio,6/24/2025 19:05,normal,0,2,1,3,2
O2025-012546,C007,hotel,6/24/2025 19:21,normal,0,1,6,7,2
O2025-012547,C114,restaurante,6/24/2025 19:47,rápido,0,1,1,2,2
O2025-012548,C090,gimnasio,6/24/2025 20:34,normal,0,0,6,6,1
O2025-012549,C030,hotel,6/24/2025 20:35,normal,0,1,5,6,2
O2025-012550,C148,restaurante,6/24/2025 20:41,normal,0,2,2,4,2
O2025-012551,C087,gimnasio,6/24/2025 21:01,normal,0,8,0,8,1
O2025-012552,C072,gimnasio,6/24/2025 21:08,normal,2,0,0,2,1
O2025-012553,C108,restaurante,6/24/2025 22:48,rápido,0,1,1,2,2
O2025-012554,C098,gimnasio,6/25/2025 6:34,normal,0,2,1,3,2
O2025-012555,C084,gimnasio,6/25/2025 6:49,normal,0,3,3,6,2
O2025-012556,C066,gimnasio,6/25/2025 7:03,normal,0,3,0,3,1
O2025-012557,C072,gimnasio,6/25/2025 7:07,normal,0,2,2,4,2
O2025-012558,C069,gimnasio,6/25/2025 7:09,normal,0,2,1,3,2
O2025-012559,C023,hotel,6/25/2025 7:18,normal,0,0,10,10,1
O2025-012560,C009,hotel,6/25/2025 7:27,normal,0,0,3,3,1
O2025-012561,C016,hotel,6/25/2025 7:32,normal,0,2,6,8,2
O2025-012562,C073,gimnasio,6/25/2025 7:33,normal,2,3,0,5,2
O2025-012563,C109,restaurante,6/25/2025 7:33,normal,0,7,0,7,1
O2025-012564,C011,hotel,6/25/2025 7:40,normal,0,0,4,4,1
O2025-012565,C087,gimnasio,6/25/2025 7:46,rápido,0,1,0,1,1
O2025-012566,C026,hotel,6/25/2025 7:53,normal,0,1,6,7,2
O2025-012567,C009,hotel,6/25/2025 7:59,normal,0,0,7,7,1
O2025-012568,C028,hotel,6/25/2025 8:14,normal,0,0,3,3,1
O2025-012569,C096,gimnasio,6/25/2025 8:22,normal,0,0,2,2,1
O2025-012570,C064,clínica,6/25/2025 8:23,normal,0,1,5,6,2
O2025-012571,C117,restaurante,6/25/2025 8:35,rápido,1,1,1,3,3
O2025-012572,C007,hotel,6/25/2025 8:36,normal,0,0,16,16,1
O2025-012573,C056,clínica,6/25/2025 8:57,normal,0,0,7,7,1
O2025-012574,C005,hotel,6/25/2025 8:58,normal,0,0,2,2,1
O2025-012575,C117,restaurante,6/25/2025 9:00,rápido,0,1,1,2,2
O2025-012576,C010,hotel,6/25/2025 9:12,normal,0,1,5,6,2
O2025-012577,C116,restaurante,6/25/2025 9:19,rápido,1,1,1,3,3
O2025-012578,C011,hotel,6/25/2025 9:26,normal,1,0,7,8,2
O2025-012579,C065,clínica,6/25/2025 9:29,rápido,1,0,3,4,2
O2025-012580,C056,clínica,6/25/2025 9:30,normal,0,0,4,4,1
O2025-012581,C041,clínica,6/25/2025 9:43,normal,0,0,10,10,1
O2025-012582,C064,clínica,6/25/2025 9:51,normal,0,0,6,6,1
O2025-012583,C008,hotel,6/25/2025 9:58,normal,0,0,5,5,1
O2025-012584,C040,clínica,6/25/2025 9:59,normal,0,0,4,4,1
O2025-012585,C055,clínica,6/25/2025 10:03,normal,0,4,0,4,1
O2025-012586,C047,clínica,6/25/2025 10:21,normal,0,2,5,7,2
O2025-012587,C059,clínica,6/25/2025 10:25,normal,0,0,7,7,1
O2025-012588,C032,clínica,6/25/2025 10:34,normal,0,0,11,11,1
O2025-012589,C144,restaurante,6/25/2025 10:37,normal,0,1,2,3,2
O2025-012590,C052,clínica,6/25/2025 10:43,normal,0,1,3,4,2
O2025-012591,C059,clínica,6/25/2025 11:57,normal,0,0,5,5,1
O2025-012592,C099,gimnasio,6/25/2025 12:20,normal,0,3,0,3,1
O2025-012593,C067,gimnasio,6/25/2025 12:22,normal,1,1,1,3,3
O2025-012594,C030,hotel,6/25/2025 12:44,normal,1,1,3,5,3
O2025-012595,C010,hotel,6/25/2025 12:44,normal,0,0,6,6,1
O2025-012596,C076,gimnasio,6/25/2025 12:49,normal,0,1,0,1,1
O2025-012597,C017,hotel,6/25/2025 12:58,normal,0,1,7,8,2
O2025-012598,C070,gimnasio,6/25/2025 12:59,normal,1,2,2,5,3
O2025-012599,C012,hotel,6/25/2025 13:30,normal,0,0,7,7,1
O2025-012600,C014,hotel,6/25/2025 13:37,normal,0,1,3,4,2
O2025-012601,C041,clínica,6/25/2025 13:37,normal,0,0,4,4,1
O2025-012602,C029,hotel,6/25/2025 13:49,normal,0,0,7,7,1
O2025-012603,C100,gimnasio,6/25/2025 13:59,normal,0,6,6,12,2
O2025-012604,C137,restaurante,6/25/2025 14:04,rápido,0,0,2,2,1
O2025-012605,C013,hotel,6/25/2025 14:11,normal,1,0,11,12,2
O2025-012606,C027,hotel,6/25/2025 14:13,normal,1,1,3,5,3
O2025-012607,C036,clínica,6/25/2025 14:21,normal,0,0,3,3,1
O2025-012608,C007,hotel,6/25/2025 14:32,normal,0,0,3,3,1
O2025-012609,C145,restaurante,6/25/2025 14:36,rápido,0,1,1,2,2
O2025-012610,C087,gimnasio,6/25/2025 14:45,normal,0,6,0,6,1
O2025-012611,C148,restaurante,6/25/2025 14:46,normal,0,0,3,3,1
O2025-012612,C012,hotel,6/25/2025 14:52,normal,0,0,11,11,1
O2025-012613,C012,hotel,6/25/2025 14:53,normal,0,2,8,10,2
O2025-012614,C025,hotel,6/25/2025 15:09,normal,0,0,3,3,1
O2025-012615,C002,hotel,6/25/2025 15:29,rápido,0,0,5,5,1
O2025-012616,C061,clínica,6/25/2025 15:31,normal,0,3,3,6,2
O2025-012617,C156,restaurante,6/25/2025 15:52,normal,0,0,1,1,1
O2025-012618,C127,restaurante,6/25/2025 15:55,rápido,0,1,1,2,2
O2025-012619,C057,clínica,6/25/2025 15:56,normal,0,1,0,1,1
O2025-012620,C011,hotel,6/25/2025 16:01,normal,0,1,5,6,2
O2025-012621,C160,restaurante,6/25/2025 16:01,rápido,0,1,0,1,1
O2025-012622,C049,clínica,6/25/2025 16:05,normal,1,1,3,5,3
O2025-012623,C004,hotel,6/25/2025 16:07,normal,0,0,5,5,1
O2025-012624,C004,hotel,6/25/2025 16:28,normal,0,1,2,3,2
O2025-012625,C006,hotel,6/25/2025 16:40,normal,0,0,6,6,1
O2025-012626,C124,restaurante,6/25/2025 17:24,normal,1,2,2,5,3
O2025-012627,C069,gimnasio,6/25/2025 17:50,normal,0,2,3,5,2
O2025-012628,C104,gimnasio,6/25/2025 17:50,rápido,0,1,0,1,1
O2025-012629,C040,clínica,6/25/2025 18:25,normal,0,0,3,3,1
O2025-012630,C002,hotel,6/25/2025 18:26,normal,0,0,2,2,1
O2025-012631,C080,gimnasio,6/25/2025 18:30,normal,0,1,1,2,2
O2025-012632,C025,hotel,6/25/2025 18:31,normal,0,0,15,15,1
O2025-012633,C052,clínica,6/25/2025 18:34,normal,1,1,2,4,3
O2025-012634,C005,hotel,6/25/2025 18:35,normal,0,0,4,4,1
O2025-012635,C073,gimnasio,6/25/2025 18:51,normal,1,2,1,4,3
O2025-012636,C098,gimnasio,6/25/2025 19:06,normal,0,2,2,4,2
O2025-012637,C004,hotel,6/25/2025 19:08,normal,0,0,6,6,1
O2025-012638,C084,gimnasio,6/25/2025 19:36,normal,0,9,0,9,1
O2025-012639,C003,hotel,6/25/2025 19:48,normal,1,2,7,10,3
O2025-012640,C019,hotel,6/25/2025 20:12,normal,0,0,6,6,1
O2025-012641,C103,gimnasio,6/25/2025 20:29,rápido,0,1,1,2,2
O2025-012642,C087,gimnasio,6/25/2025 20:48,rápido,0,2,2,4,2
O2025-012643,C119,restaurante,6/26/2025 5:30,normal,0,0,9,9,1
O2025-012644,C068,gimnasio,6/26/2025 6:44,normal,0,0,4,4,1
O2025-012645,C067,gimnasio,6/26/2025 7:02,normal,0,2,1,3,2
O2025-012646,C130,restaurante,6/26/2025 7:11,rápido,1,0,2,3,2
O2025-012647,C070,gimnasio,6/26/2025 7:12,normal,0,7,0,7,1
O2025-012648,C088,gimnasio,6/26/2025 7:14,normal,0,1,0,1,1
O2025-012649,C076,gimnasio,6/26/2025 7:19,normal,0,3,0,3,1
O2025-012650,C080,gimnasio,6/26/2025 7:27,normal,0,1,1,2,2
O2025-012651,C139,restaurante,6/26/2025 7:35,normal,1,1,0,2,2
O2025-012652,C079,gimnasio,6/26/2025 7:44,normal,0,4,0,4,1
O2025-012653,C078,gimnasio,6/26/2025 7:45,normal,0,3,0,3,1
O2025-012654,C099,gimnasio,6/26/2025 7:46,normal,1,2,1,4,3
O2025-012655,C091,gimnasio,6/26/2025 7:54,normal,1,7,0,8,2
O2025-012656,C145,restaurante,6/26/2025 7:55,normal,0,1,1,2,2
O2025-012657,C132,restaurante,6/26/2025 8:03,normal,0,0,2,2,1
O2025-012658,C001,hotel,6/26/2025 8:12,normal,0,2,4,6,2
O2025-012659,C123,restaurante,6/26/2025 8:32,normal,0,1,1,2,2
O2025-012660,C138,restaurante,6/26/2025 8:41,rápido,0,3,1,4,2
O2025-012661,C041,clínica,6/26/2025 8:55,rápido,1,0,4,5,2
O2025-012662,C066,gimnasio,6/26/2025 8:57,normal,1,2,0,3,2
O2025-012663,C051,clínica,6/26/2025 9:00,rápido,0,1,3,4,2
O2025-012664,C026,hotel,6/26/2025 9:07,normal,0,1,2,3,2
O2025-012665,C002,hotel,6/26/2025 9:09,normal,0,0,2,2,1
O2025-012666,C123,restaurante,6/26/2025 9:10,normal,0,1,2,3,2
O2025-012667,C008,hotel,6/26/2025 9:11,normal,0,0,4,4,1
O2025-012668,C044,clínica,6/26/2025 9:14,normal,0,3,4,7,2
O2025-012669,C141,restaurante,6/26/2025 9:27,normal,0,0,3,3,1
O2025-012670,C040,clínica,6/26/2025 9:37,rápido,0,0,3,3,1
O2025-012671,C109,restaurante,6/26/2025 9:38,rápido,0,1,1,2,2
O2025-012672,C052,clínica,6/26/2025 9:48,normal,0,2,4,6,2
O2025-012673,C141,restaurante,6/26/2025 9:52,normal,0,1,1,2,2
O2025-012674,C014,hotel,6/26/2025 9:53,normal,0,0,5,5,1
O2025-012675,C032,clínica,6/26/2025 9:58,normal,0,0,9,9,1
O2025-012676,C046,clínica,6/26/2025 10:00,normal,1,0,4,5,2
O2025-012677,C047,clínica,6/26/2025 10:06,rápido,0,0,8,8,1
O2025-012678,C045,clínica,6/26/2025 10:07,rápido,0,0,1,1,1
O2025-012679,C061,clínica,6/26/2025 10:43,normal,0,9,0,9,1
O2025-012680,C053,clínica,6/26/2025 10:43,normal,0,1,2,3,2
O2025-012681,C067,gimnasio,6/26/2025 11:10,normal,0,1,2,3,2
O2025-012682,C082,gimnasio,6/26/2025 11:31,rápido,1,3,2,6,3
O2025-012683,C056,clínica,6/26/2025 11:34,normal,0,0,5,5,1
O2025-012684,C097,gimnasio,6/26/2025 12:09,normal,0,4,6,10,2
O2025-012685,C088,gimnasio,6/26/2025 12:25,normal,0,1,0,1,1
O2025-012686,C073,gimnasio,6/26/2025 12:43,rápido,0,2,1,3,2
O2025-012687,C014,hotel,6/26/2025 13:50,normal,0,0,8,8,1
O2025-012688,C156,restaurante,6/26/2025 13:53,normal,0,0,1,1,1
O2025-012689,C052,clínica,6/26/2025 13:56,normal,0,5,0,5,1
O2025-012690,C066,gimnasio,6/26/2025 14:02,normal,0,2,0,2,1
O2025-012691,C001,hotel,6/26/2025 14:18,normal,0,1,4,5,2
O2025-012692,C010,hotel,6/26/2025 14:19,normal,0,1,8,9,2
O2025-012693,C022,hotel,6/26/2025 14:25,normal,0,1,2,3,2
O2025-012694,C032,clínica,6/26/2025 14:32,normal,0,0,12,12,1
O2025-012695,C029,hotel,6/26/2025 14:32,normal,0,0,13,13,1
O2025-012696,C097,gimnasio,6/26/2025 14:36,normal,0,0,2,2,1
O2025-012697,C007,hotel,6/26/2025 14:43,normal,0,0,5,5,1
O2025-012698,C144,restaurante,6/26/2025 14:48,normal,0,0,8,8,1
O2025-012699,C105,gimnasio,6/26/2025 14:50,normal,0,3,0,3,1
O2025-012700,C034,clínica,6/26/2025 15:25,normal,0,1,1,2,2
O2025-012701,C049,clínica,6/26/2025 15:28,normal,0,1,2,3,2
O2025-012702,C004,hotel,6/26/2025 15:29,normal,1,0,5,6,2
O2025-012703,C025,hotel,6/26/2025 16:09,normal,1,0,4,5,2
O2025-012704,C038,clínica,6/26/2025 16:10,normal,0,1,1,2,2
O2025-012705,C009,hotel,6/26/2025 16:11,normal,0,0,7,7,1
O2025-012706,C039,clínica,6/26/2025 16:15,rápido,0,1,2,3,2
O2025-012707,C052,clínica,6/26/2025 16:49,rápido,0,0,1,1,1
O2025-012708,C081,gimnasio,6/26/2025 17:01,rápido,0,1,1,2,2
O2025-012709,C004,hotel,6/26/2025 17:13,normal,0,0,9,9,1
O2025-012710,C048,clínica,6/26/2025 17:19,normal,2,0,5,7,2
O2025-012711,C053,clínica,6/26/2025 17:26,normal,0,0,7,7,1
O2025-012712,C110,restaurante,6/26/2025 17:41,rápido,0,2,0,2,1
O2025-012713,C044,clínica,6/26/2025 18:10,rápido,0,0,3,3,1
O2025-012714,C025,hotel,6/26/2025 18:30,normal,0,0,11,11,1
O2025-012715,C028,hotel,6/26/2025 18:34,normal,0,0,6,6,1
O2025-012716,C086,gimnasio,6/26/2025 18:40,normal,2,2,0,4,2
O2025-012717,C044,clínica,6/26/2025 18:42,normal,0,0,5,5,1
O2025-012718,C064,clínica,6/26/2025 18:48,rápido,1,0,2,3,2
O2025-012719,C072,gimnasio,6/26/2025 19:15,normal,0,5,0,5,1
O2025-012720,C104,gimnasio,6/26/2025 19:51,rápido,1,1,0,2,2
O2025-012721,C020,hotel,6/26/2025 20:01,normal,0,0,4,4,1
O2025-012722,C113,restaurante,6/26/2025 20:06,normal,0,2,1,3,2
O2025-012723,C017,hotel,6/26/2025 20:08,normal,1,0,27,28,2
O2025-012724,C145,restaurante,6/26/2025 20:22,normal,0,0,1,1,1
O2025-012725,C133,restaurante,6/26/2025 20:44,normal,1,1,1,3,3
O2025-012726,C134,restaurante,6/26/2025 21:31,normal,0,0,1,1,1
O2025-012727,C130,restaurante,6/26/2025 21:37,normal,0,0,5,5,1
O2025-012728,C144,restaurante,6/26/2025 21:47,rápido,0,0,1,1,1
O2025-012729,C118,restaurante,6/26/2025 23:16,normal,0,1,0,1,1
O2025-012730,C107,restaurante,6/27/2025 6:31,normal,0,2,3,5,2
O2025-012731,C073,gimnasio,6/27/2025 7:16,normal,0,0,5,5,1
O2025-012732,C099,gimnasio,6/27/2025 7:17,normal,0,1,0,1,1
O2025-012733,C138,restaurante,6/27/2025 7:26,rápido,0,0,2,2,1
O2025-012734,C074,gimnasio,6/27/2025 7:45,normal,0,2,0,2,1
O2025-012735,C088,gimnasio,6/27/2025 7:54,normal,0,2,0,2,1
O2025-012736,C084,gimnasio,6/27/2025 8:02,normal,0,3,0,3,1
O2025-012737,C132,restaurante,6/27/2025 8:03,normal,0,1,1,2,2
O2025-012738,C073,gimnasio,6/27/2025 8:05,normal,0,0,2,2,1
O2025-012739,C100,gimnasio,6/27/2025 8:11,normal,0,5,0,5,1
O2025-012740,C011,hotel,6/27/2025 8:15,normal,2,0,7,9,2
O2025-012741,C082,gimnasio,6/27/2025 8:16,normal,0,5,0,5,1
O2025-012742,C104,gimnasio,6/27/2025 8:16,normal,0,2,0,2,1
O2025-012743,C071,gimnasio,6/27/2025 8:17,normal,0,2,2,4,2
O2025-012744,C074,gimnasio,6/27/2025 8:25,normal,0,2,0,2,1
O2025-012745,C114,restaurante,6/27/2025 8:29,rápido,0,2,0,2,1
O2025-012746,C025,hotel,6/27/2025 8:31,normal,0,0,6,6,1
O2025-012747,C109,restaurante,6/27/2025 8:35,rápido,0,0,2,2,1
O2025-012748,C118,restaurante,6/27/2025 8:38,normal,1,1,1,3,3
O2025-012749,C009,hotel,6/27/2025 8:41,normal,0,0,2,2,1
O2025-012750,C009,hotel,6/27/2025 8:53,normal,0,0,10,10,1
O2025-012751,C056,clínica,6/27/2025 8:53,normal,0,0,5,5,1
O2025-012752,C003,hotel,6/27/2025 8:54,normal,0,2,7,9,2
O2025-012753,C007,hotel,6/27/2025 8:56,normal,0,13,15,28,2
O2025-012754,C019,hotel,6/27/2025 8:57,normal,0,0,7,7,1
O2025-012755,C021,hotel,6/27/2025 9:22,normal,0,0,4,4,1
O2025-012756,C020,hotel,6/27/2025 9:28,normal,0,0,6,6,1
O2025-012757,C005,hotel,6/27/2025 9:28,normal,0,0,4,4,1
O2025-012758,C030,hotel,6/27/2025 9:37,normal,0,1,2,3,2
O2025-012759,C030,hotel,6/27/2025 9:52,normal,0,1,1,2,2
O2025-012760,C129,restaurante,6/27/2025 9:53,normal,0,1,1,2,2
O2025-012761,C109,restaurante,6/27/2025 10:07,normal,0,1,2,3,2
O2025-012762,C024,hotel,6/27/2025 10:10,normal,0,0,6,6,1
O2025-012763,C038,clínica,6/27/2025 10:13,normal,0,0,1,1,1
O2025-012764,C015,hotel,6/27/2025 10:15,normal,0,0,3,3,1
O2025-012765,C013,hotel,6/27/2025 10:31,normal,0,0,12,12,1
O2025-012766,C041,clínica,6/27/2025 11:42,normal,0,3,11,14,2
O2025-012767,C067,gimnasio,6/27/2025 11:50,normal,0,0,1,1,1
O2025-012768,C068,gimnasio,6/27/2025 11:53,normal,0,1,1,2,2
O2025-012769,C086,gimnasio,6/27/2025 12:20,normal,2,0,3,5,2
O2025-012770,C001,hotel,6/27/2025 12:32,normal,0,4,16,20,2
O2025-012771,C025,hotel,6/27/2025 12:46,normal,0,0,3,3,1
O2025-012772,C004,hotel,6/27/2025 12:49,rápido,1,1,2,4,3
O2025-012773,C092,gimnasio,6/27/2025 13:00,normal,0,1,2,3,2
O2025-012774,C003,hotel,6/27/2025 13:06,normal,0,0,7,7,1
O2025-012775,C033,clínica,6/27/2025 13:12,rápido,0,0,3,3,1
O2025-012776,C049,clínica,6/27/2025 13:28,normal,1,1,2,4,3
O2025-012777,C020,hotel,6/27/2025 13:48,normal,0,0,5,5,1
O2025-012778,C018,hotel,6/27/2025 13:52,normal,0,0,3,3,1
O2025-012779,C045,clínica,6/27/2025 13:57,normal,0,1,1,2,2
O2025-012780,C101,gimnasio,6/27/2025 13:58,normal,0,0,2,2,1
O2025-012781,C025,hotel,6/27/2025 14:13,normal,0,0,5,5,1
O2025-012782,C010,hotel,6/27/2025 14:24,normal,0,0,6,6,1
O2025-012783,C038,clínica,6/27/2025 14:24,normal,0,3,0,3,1
O2025-012784,C018,hotel,6/27/2025 14:33,normal,0,0,3,3,1
O2025-012785,C040,clínica,6/27/2025 14:38,normal,1,1,2,4,3
O2025-012786,C060,clínica,6/27/2025 14:40,rápido,0,3,4,7,2
O2025-012787,C002,hotel,6/27/2025 14:44,normal,0,0,2,2,1
O2025-012788,C040,clínica,6/27/2025 14:49,normal,0,0,2,2,1
O2025-012789,C030,hotel,6/27/2025 14:52,normal,0,0,5,5,1
O2025-012790,C003,hotel,6/27/2025 14:53,normal,1,0,11,12,2
O2025-012791,C117,restaurante,6/27/2025 14:54,rápido,0,1,0,1,1
O2025-012792,C057,clínica,6/27/2025 14:54,rápido,0,0,1,1,1
O2025-012793,C020,hotel,6/27/2025 14:55,normal,0,2,6,8,2
O2025-012794,C063,clínica,6/27/2025 15:02,normal,0,0,4,4,1
O2025-012795,C006,hotel,6/27/2025 15:03,normal,0,0,14,14,1
O2025-012796,C120,restaurante,6/27/2025 15:04,normal,0,0,2,2,1
O2025-012797,C013,hotel,6/27/2025 15:07,normal,0,3,8,11,2
O2025-012798,C074,gimnasio,6/27/2025 15:13,normal,0,3,1,4,2
O2025-012799,C063,clínica,6/27/2025 15:16,normal,1,1,6,8,3
O2025-012800,C158,restaurante,6/27/2025 15:22,rápido,0,1,1,2,2
O2025-012801,C054,clínica,6/27/2025 15:28,normal,0,0,2,2,1
O2025-012802,C134,restaurante,6/27/2025 15:30,normal,0,1,0,1,1
O2025-012803,C122,restaurante,6/27/2025 15:46,normal,0,3,0,3,1
O2025-012804,C055,clínica,6/27/2025 15:48,normal,0,0,3,3,1
O2025-012805,C011,hotel,6/27/2025 15:49,normal,0,0,4,4,1
O2025-012806,C046,clínica,6/27/2025 16:49,normal,0,0,2,2,1
O2025-012807,C120,restaurante,6/27/2025 16:55,normal,0,1,1,2,2
O2025-012808,C111,restaurante,6/27/2025 16:57,normal,0,2,1,3,2
O2025-012809,C004,hotel,6/27/2025 17:06,normal,0,0,3,3,1
O2025-012810,C058,clínica,6/27/2025 17:07,normal,0,0,3,3,1
O2025-012811,C005,hotel,6/27/2025 17:42,normal,0,0,12,12,1
O2025-012812,C005,hotel,6/27/2025 18:03,normal,0,2,6,8,2
O2025-012813,C011,hotel,6/27/2025 18:13,normal,0,0,6,6,1
O2025-012814,C098,gimnasio,6/27/2025 18:29,normal,0,0,3,3,1
O2025-012815,C016,hotel,6/27/2025 18:38,rápido,0,1,1,2,2
O2025-012816,C019,hotel,6/27/2025 19:03,normal,0,3,4,7,2
O2025-012817,C094,gimnasio,6/27/2025 19:32,normal,0,2,0,2,1
O2025-012818,C076,gimnasio,6/27/2025 19:41,normal,0,3,1,4,2
O2025-012819,C126,restaurante,6/27/2025 19:43,rápido,0,0,2,2,1
O2025-012820,C092,gimnasio,6/27/2025 20:00,normal,0,0,1,1,1
O2025-012821,C158,restaurante,6/27/2025 21:01,normal,0,1,1,2,2
O2025-012822,C145,restaurante,6/27/2025 21:19,normal,0,2,1,3,2
O2025-012823,C145,restaurante,6/27/2025 22:01,normal,0,1,1,2,2
O2025-012824,C085,gimnasio,6/28/2025 6:16,normal,0,1,1,2,2
O2025-012825,C110,restaurante,6/28/2025 7:20,normal,0,1,1,2,2
O2025-012826,C077,gimnasio,6/28/2025 7:23,rápido,0,2,0,2,1
O2025-012827,C094,gimnasio,6/28/2025 7:30,normal,0,1,1,2,2
O2025-012828,C141,restaurante,6/28/2025 7:36,normal,0,0,1,1,1
O2025-012829,C146,restaurante,6/28/2025 7:38,normal,0,1,1,2,2
O2025-012830,C160,restaurante,6/28/2025 7:44,normal,0,0,4,4,1
O2025-012831,C130,restaurante,6/28/2025 7:55,normal,0,3,0,3,1
O2025-012832,C024,hotel,6/28/2025 8:04,rápido,1,0,5,6,2
O2025-012833,C132,restaurante,6/28/2025 8:07,normal,0,0,1,1,1
O2025-012834,C125,restaurante,6/28/2025 8:08,normal,0,0,3,3,1
O2025-012835,C134,restaurante,6/28/2025 8:09,normal,0,0,3,3,1
O2025-012836,C007,hotel,6/28/2025 8:16,normal,0,0,7,7,1
O2025-012837,C113,restaurante,6/28/2025 8:17,normal,0,1,1,2,2
O2025-012838,C014,hotel,6/28/2025 8:21,normal,1,2,4,7,3
O2025-012839,C021,hotel,6/28/2025 8:25,normal,0,0,10,10,1
O2025-012840,C140,restaurante,6/28/2025 8:40,normal,0,0,2,2,1
O2025-012841,C141,restaurante,6/28/2025 8:41,normal,0,0,1,1,1
O2025-012842,C038,clínica,6/28/2025 8:47,normal,0,1,2,3,2
O2025-012843,C067,gimnasio,6/28/2025 8:47,normal,0,2,2,4,2
O2025-012844,C150,restaurante,6/28/2025 9:05,rápido,0,1,1,2,2
O2025-012845,C010,hotel,6/28/2025 9:21,normal,0,0,13,13,1
O2025-012846,C011,hotel,6/28/2025 9:31,normal,0,0,4,4,1
O2025-012847,C111,restaurante,6/28/2025 9:32,normal,1,1,1,3,3
O2025-012848,C027,hotel,6/28/2025 9:38,normal,0,1,4,5,2
O2025-012849,C022,hotel,6/28/2025 9:59,normal,0,0,3,3,1
O2025-012850,C029,hotel,6/28/2025 10:04,normal,0,0,5,5,1
O2025-012851,C049,clínica,6/28/2025 10:05,rápido,0,1,1,2,2
O2025-012852,C013,hotel,6/28/2025 10:11,normal,0,0,4,4,1
O2025-012853,C018,hotel,6/28/2025 10:23,rápido,0,1,3,4,2
O2025-012854,C072,gimnasio,6/28/2025 11:07,normal,1,4,3,8,3
O2025-012855,C014,hotel,6/28/2025 12:04,normal,0,0,3,3,1
O2025-012856,C073,gimnasio,6/28/2025 12:44,normal,0,1,1,2,2
O2025-012857,C073,gimnasio,6/28/2025 12:44,normal,0,0,6,6,1
O2025-012858,C070,gimnasio,6/28/2025 13:11,normal,0,4,0,4,1
O2025-012859,C071,gimnasio,6/28/2025 13:15,normal,0,2,0,2,1
O2025-012860,C025,hotel,6/28/2025 13:34,normal,0,1,3,4,2
O2025-012861,C087,gimnasio,6/28/2025 13:58,normal,0,3,0,3,1
O2025-012862,C099,gimnasio,6/28/2025 14:25,normal,0,1,0,1,1
O2025-012863,C002,hotel,6/28/2025 14:38,normal,0,0,4,4,1
O2025-012864,C081,gimnasio,6/28/2025 14:49,normal,0,5,0,5,1
O2025-012865,C025,hotel,6/28/2025 15:24,normal,0,0,5,5,1
O2025-012866,C050,clínica,6/28/2025 15:45,rápido,0,0,1,1,1
O2025-012867,C138,restaurante,6/28/2025 16:05,normal,0,2,0,2,1
O2025-012868,C059,clínica,6/28/2025 16:07,normal,0,0,2,2,1
O2025-012869,C120,restaurante,6/28/2025 16:41,rápido,0,1,0,1,1
O2025-012870,C026,hotel,6/28/2025 17:04,normal,0,0,8,8,1
O2025-012871,C004,hotel,6/28/2025 17:04,normal,0,1,5,6,2
O2025-012872,C039,clínica,6/28/2025 17:31,normal,0,1,2,3,2
O2025-012873,C014,hotel,6/28/2025 18:12,normal,1,1,2,4,3
O2025-012874,C007,hotel,6/28/2025 18:22,normal,0,0,9,9,1
O2025-012875,C023,hotel,6/28/2025 18:25,rápido,0,0,2,2,1
O2025-012876,C130,restaurante,6/28/2025 18:33,rápido,0,0,1,1,1
O2025-012877,C017,hotel,6/28/2025 18:52,normal,0,4,7,11,2
O2025-012878,C005,hotel,6/28/2025 19:11,normal,0,1,4,5,2
O2025-012879,C106,restaurante,6/28/2025 20:25,rápido,0,0,2,2,1
O2025-012880,C118,restaurante,6/28/2025 20:26,normal,0,1,2,3,2
O2025-012881,C127,restaurante,6/28/2025 20:54,normal,0,1,1,2,2
O2025-012882,C160,restaurante,6/28/2025 21:41,normal,0,1,2,3,2
O2025-012883,C112,restaurante,6/28/2025 21:57,rápido,0,0,1,1,1
O2025-012884,C159,restaurante,6/28/2025 22:21,rápido,1,1,1,3,3
O2025-012885,C111,restaurante,6/28/2025 22:33,normal,0,1,1,2,2
O2025-012886,C121,restaurante,6/29/2025 7:04,normal,0,2,1,3,2
O2025-012887,C130,restaurante,6/29/2025 7:11,normal,1,1,1,3,3
O2025-012888,C156,restaurante,6/29/2025 7:45,normal,0,1,2,3,2
O2025-012889,C141,restaurante,6/29/2025 7:55,normal,0,0,2,2,1
O2025-012890,C003,hotel,6/29/2025 7:57,normal,0,3,9,12,2
O2025-012891,C006,hotel,6/29/2025 8:06,normal,0,1,7,8,2
O2025-012892,C013,hotel,6/29/2025 8:29,normal,0,0,7,7,1
O2025-012893,C081,gimnasio,6/29/2025 8:30,normal,0,2,2,4,2
O2025-012894,C121,restaurante,6/29/2025 8:41,normal,0,3,1,4,2
O2025-012895,C091,gimnasio,6/29/2025 8:49,normal,0,1,1,2,2
O2025-012896,C019,hotel,6/29/2025 9:01,normal,0,0,20,20,1
O2025-012897,C008,hotel,6/29/2025 9:12,normal,0,0,3,3,1
O2025-012898,C144,restaurante,6/29/2025 9:30,normal,2,0,0,2,1
O2025-012899,C021,hotel,6/29/2025 9:38,normal,0,0,2,2,1
O2025-012900,C033,clínica,6/29/2025 9:48,normal,0,1,2,3,2
O2025-012901,C159,restaurante,6/29/2025 9:54,normal,0,0,1,1,1
O2025-012902,C145,restaurante,6/29/2025 9:58,normal,0,1,1,2,2
O2025-012903,C158,restaurante,6/29/2025 10:00,rápido,0,1,1,2,2
O2025-012904,C103,gimnasio,6/29/2025 10:08,normal,0,2,0,2,1
O2025-012905,C152,restaurante,6/29/2025 10:59,normal,0,2,1,3,2
O2025-012906,C100,gimnasio,6/29/2025 11:06,normal,0,0,9,9,1
O2025-012907,C085,gimnasio,6/29/2025 12:07,normal,0,2,2,4,2
O2025-012908,C074,gimnasio,6/29/2025 12:18,normal,1,2,0,3,2
O2025-012909,C121,restaurante,6/29/2025 13:28,normal,1,4,3,8,3
O2025-012910,C105,gimnasio,6/29/2025 13:34,normal,0,9,0,9,1
O2025-012911,C074,gimnasio,6/29/2025 13:44,normal,1,5,0,6,2
O2025-012912,C160,restaurante,6/29/2025 13:49,normal,0,1,1,2,2
O2025-012913,C004,hotel,6/29/2025 13:54,normal,0,0,5,5,1
O2025-012914,C002,hotel,6/29/2025 14:03,rápido,0,2,8,10,2
O2025-012915,C018,hotel,6/29/2025 14:17,normal,0,0,5,5,1
O2025-012916,C082,gimnasio,6/29/2025 14:37,normal,0,0,4,4,1
O2025-012917,C124,restaurante,6/29/2025 14:54,normal,0,0,6,6,1
O2025-012918,C024,hotel,6/29/2025 15:12,normal,0,0,7,7,1
O2025-012919,C153,restaurante,6/29/2025 15:14,rápido,0,2,1,3,2
O2025-012920,C150,restaurante,6/29/2025 15:23,normal,0,1,1,2,2
O2025-012921,C010,hotel,6/29/2025 15:23,normal,0,0,8,8,1
O2025-012922,C107,restaurante,6/29/2025 15:35,normal,0,0,4,4,1
O2025-012923,C002,hotel,6/29/2025 15:53,normal,0,0,2,2,1
O2025-012924,C157,restaurante,6/29/2025 15:59,normal,0,1,1,2,2
O2025-012925,C149,restaurante,6/29/2025 16:49,normal,0,1,2,3,2
O2025-012926,C021,hotel,6/29/2025 17:13,normal,0,0,13,13,1
O2025-012927,C003,hotel,6/29/2025 17:24,normal,1,0,7,8,2
O2025-012928,C028,hotel,6/29/2025 17:37,normal,0,1,5,6,2
O2025-012929,C029,hotel,6/29/2025 17:41,normal,0,0,12,12,1
O2025-012930,C021,hotel,6/29/2025 17:51,normal,0,0,5,5,1
O2025-012931,C008,hotel,6/29/2025 18:39,normal,0,1,4,5,2
O2025-012932,C095,gimnasio,6/29/2025 18:40,normal,0,2,2,4,2
O2025-012933,C009,hotel,6/29/2025 18:51,normal,0,0,4,4,1
O2025-012934,C004,hotel,6/29/2025 18:51,normal,0,0,9,9,1
O2025-012935,C066,gimnasio,6/29/2025 19:03,normal,0,2,0,2,1
O2025-012936,C019,hotel,6/29/2025 19:10,normal,0,0,9,9,1
O2025-012937,C081,gimnasio,6/29/2025 19:21,normal,0,1,1,2,2
O2025-012938,C069,gimnasio,6/29/2025 20:04,normal,0,0,6,6,1
O2025-012939,C121,restaurante,6/29/2025 20:25,normal,0,2,1,3,2
O2025-012940,C138,restaurante,6/29/2025 20:55,normal,0,2,2,4,2
O2025-012941,C106,restaurante,6/29/2025 21:55,normal,1,0,5,6,2
O2025-012942,C120,restaurante,6/30/2025 6:42,rápido,1,1,1,3,3
O2025-012943,C081,gimnasio,6/30/2025 6:53,normal,0,3,0,3,1
O2025-012944,C017,hotel,6/30/2025 7:19,normal,0,0,11,11,1
O2025-012945,C019,hotel,6/30/2025 7:43,rápido,0,1,4,5,2
O2025-012946,C156,restaurante,6/30/2025 7:54,normal,0,0,1,1,1
O2025-012947,C021,hotel,6/30/2025 8:00,normal,0,0,8,8,1
O2025-012948,C041,clínica,6/30/2025 8:14,normal,0,2,5,7,2
O2025-012949,C061,clínica,6/30/2025 8:23,normal,0,2,2,4,2
O2025-012950,C134,restaurante,6/30/2025 8:26,normal,0,1,1,2,2
O2025-012951,C135,restaurante,6/30/2025 8:28,normal,0,0,1,1,1
O2025-012952,C043,clínica,6/30/2025 8:29,rápido,0,1,1,2,2
O2025-012953,C056,clínica,6/30/2025 8:29,normal,1,0,3,4,2
O2025-012954,C018,hotel,6/30/2025 8:31,normal,0,0,7,7,1
O2025-012955,C004,hotel,6/30/2025 8:32,normal,1,0,2,3,2
O2025-012956,C160,restaurante,6/30/2025 8:39,normal,0,1,1,2,2
O2025-012957,C020,hotel,6/30/2025 8:45,normal,1,0,5,6,2
O2025-012958,C152,restaurante,6/30/2025 8:48,normal,0,2,0,2,1
O2025-012959,C063,clínica,6/30/2025 8:57,normal,0,1,5,6,2
O2025-012960,C064,clínica,6/30/2025 9:06,normal,0,0,9,9,1
O2025-012961,C013,hotel,6/30/2025 9:11,normal,0,0,5,5,1
O2025-012962,C042,clínica,6/30/2025 9:12,normal,0,1,5,6,2
O2025-012963,C008,hotel,6/30/2025 9:19,normal,0,0,4,4,1
O2025-012964,C051,clínica,6/30/2025 9:20,normal,0,2,4,6,2
O2025-012965,C053,clínica,6/30/2025 9:26,normal,0,0,4,4,1
O2025-012966,C011,hotel,6/30/2025 9:26,rápido,0,0,2,2,1
O2025-012967,C063,clínica,6/30/2025 9:38,normal,0,0,3,3,1
O2025-012968,C015,hotel,6/30/2025 9:42,normal,0,0,2,2,1
O2025-012969,C063,clínica,6/30/2025 9:47,normal,0,0,5,5,1
O2025-012970,C126,restaurante,6/30/2025 9:52,rápido,0,0,3,3,1
O2025-012971,C060,clínica,6/30/2025 10:02,rápido,1,0,4,5,2
O2025-012972,C047,clínica,6/30/2025 10:22,rápido,0,1,4,5,2
O2025-012973,C021,hotel,6/30/2025 10:28,normal,0,0,8,8,1
O2025-012974,C056,clínica,6/30/2025 10:58,normal,0,0,4,4,1
O2025-012975,C101,gimnasio,6/30/2025 12:06,normal,0,2,2,4,2
O2025-012976,C067,gimnasio,6/30/2025 12:20,normal,0,1,2,3,2
O2025-012977,C040,clínica,6/30/2025 13:08,normal,0,1,4,5,2
O2025-012978,C032,clínica,6/30/2025 13:38,normal,0,0,8,8,1
O2025-012979,C003,hotel,6/30/2025 13:40,normal,0,0,2,2,1
O2025-012980,C020,hotel,6/30/2025 13:41,normal,0,0,4,4,1
O2025-012981,C084,gimnasio,6/30/2025 13:45,normal,0,4,2,6,2
O2025-012982,C021,hotel,6/30/2025 13:56,normal,0,0,12,12,1
O2025-012983,C005,hotel,6/30/2025 14:00,normal,0,1,4,5,2
O2025-012984,C066,gimnasio,6/30/2025 14:08,normal,0,2,1,3,2
O2025-012985,C067,gimnasio,6/30/2025 14:15,normal,0,2,1,3,2
O2025-012986,C016,hotel,6/30/2025 14:20,normal,0,0,13,13,1
O2025-012987,C011,hotel,6/30/2025 14:24,normal,1,0,4,5,2
O2025-012988,C058,clínica,6/30/2025 14:26,rápido,1,1,1,3,3
O2025-012989,C010,hotel,6/30/2025 14:58,normal,1,0,2,3,2
O2025-012990,C014,hotel,6/30/2025 15:01,normal,0,0,9,9,1
O2025-012991,C059,clínica,6/30/2025 15:08,normal,1,0,5,6,2
O2025-012992,C063,clínica,6/30/2025 15:13,normal,0,0,4,4,1
O2025-012993,C109,restaurante,6/30/2025 15:25,normal,0,2,0,2,1
O2025-012994,C049,clínica,6/30/2025 15:37,normal,0,0,3,3,1
O2025-012995,C043,clínica,6/30/2025 16:01,normal,0,0,2,2,1
O2025-012996,C059,clínica,6/30/2025 16:03,normal,0,0,2,2,1
O2025-012997,C046,clínica,6/30/2025 16:11,normal,0,0,2,2,1
O2025-012998,C138,restaurante,6/30/2025 16:26,rápido,0,2,0,2,1
O2025-012999,C074,gimnasio,6/30/2025 17:07,normal,1,2,1,4,3
O2025-013000,C059,clínica,6/30/2025 17:17,normal,1,0,5,6,2
O2025-013001,C012,hotel,6/30/2025 17:26,normal,0,0,4,4,1
O2025-013002,C046,clínica,6/30/2025 17:28,rápido,0,0,1,1,1
O2025-013003,C054,clínica,6/30/2025 17:29,normal,0,0,4,4,1
O2025-013004,C078,gimnasio,6/30/2025 18:05,normal,0,1,2,3,2
O2025-013005,C069,gimnasio,6/30/2025 18:16,normal,0,2,1,3,2
O2025-013006,C082,gimnasio,6/30/2025 18:17,normal,0,6,0,6,1
O2025-013007,C004,hotel,6/30/2025 19:02,normal,0,1,3,4,2
O2025-013008,C043,clínica,6/30/2025 19:03,normal,0,2,0,2,1
O2025-013009,C088,gimnasio,6/30/2025 19:43,normal,0,1,1,2,2
O2025-013010,C004,hotel,6/30/2025 20:26,normal,0,0,8,8,1
O2025-013011,C090,gimnasio,6/30/2025 20:32,normal,0,2,2,4,2
O2025-013012,C123,restaurante,6/30/2025 20:33,normal,0,1,1,2,2
O2025-013013,C120,restaurante,6/30/2025 20:53,normal,0,1,2,3,2
O2025-013014,C098,gimnasio,6/30/2025 21:27,normal,0,5,0,5,1
O2025-013015,C121,restaurante,6/30/2025 21:30,normal,0,0,3,3,1
